voltage,current,temperature,prediction,status,anomaly_score,battery_health,risk_level
12.54901424590337,2.699677718293001,29.974465175076855,1,Normal,0.09781466824016194,100,LOW
12.358520709648644,2.4623168414563845,31.566443987853447,1,Normal,0.1494964532303686,100,LOW
12.594306561430209,2.029815184960087,29.622740237000116,1,Normal,0.14705482098164657,100,LOW
12.856908956922409,1.676531611147213,31.076115411082878,1,Normal,0.09496329868586861,100,LOW
12.329753987583,2.349111656806795,26.319155999138644,1,Normal,0.039940480778973386,100,LOW
12.329758912915246,2.196742692710875,32.639881122118815,1,Normal,0.16826297639889093,100,LOW
12.873763844652217,2.447596610013866,32.00361642608667,1,Normal,0.0813272161375515,100,LOW
12.630230418745873,2.3175859008409847,29.54873410679543,1,Normal,0.13308796896650893,100,LOW
12.259157684219515,2.5247763576596673,33.977737005297215,1,Normal,0.13470447868086183,100,LOW
12.56276801307579,1.732382394219716,34.812710412879674,1,Normal,0.12690433173518556,100,LOW
12.260974692156262,2.658697032817163,27.177320406893077,1,Normal,0.051237180205646604,100,LOW
12.260281073928923,2.0987998023462,29.711825664301358,1,Normal,0.15876577425808708,100,LOW
12.47258868146981,3.0376304363126327,29.692572950638105,1,Normal,0.02823805021702197,100,LOW
11.826015926602661,1.655406090955216,29.180290696673406,1,Normal,0.0260022204434478,100,LOW
11.88252465024609,2.867981901582625,34.488424525795246,-1,Anomaly,-0.003976272942202486,100,HIGH
12.231313741227709,2.098955391731324,31.41852158368159,1,Normal,0.16240894481311913,100,LOW
12.096150663899673,1.6742909981927758,31.206455476068168,1,Normal,0.12139106244746739,100,LOW
12.494274199778582,1.7580570829728392,25.98841290677974,1,Normal,0.018479080832763173,100,LOW
12.127592777343636,1.8398263459028399,33.90625409062768,1,Normal,0.14199486435818975,100,LOW
11.976308889599412,2.212082973200958,28.282224815439584,1,Normal,0.07596154565305085,100,LOW
12.839694630676467,2.26141774401775,32.17979789079899,1,Normal,0.1016199421788036,100,LOW
12.33226710985404,1.7131499980307106,32.83213081387458,1,Normal,0.15346588743110212,100,LOW
12.420258461406377,1.9878227038695087,36.08197578751595,1,Normal,0.12059856864826479,100,LOW
11.972575544135964,3.071135179305932,28.073538802642663,-1,Anomaly,-0.04226862277999488,100,HIGH
12.43327677691296,2.2181618348370162,32.55154863426108,1,Normal,0.16960378894862244,100,LOW
12.05470192677331,2.0190017390841,37.40153354453256,1,Normal,0.038569223529535956,100,LOW
12.512709405503703,2.0600156633591307,35.71683905881831,1,Normal,0.12662118206786116,100,LOW
12.219808393024358,2.3067589863652085,32.62897824582388,1,Normal,0.15405565554631978,100,LOW
12.312491875062017,1.4886037174007973,30.525091443103857,1,Normal,0.11450627625720788,100,LOW
12.219488016331182,1.8713117312883274,34.42136778991193,1,Normal,0.14779968599153953,100,LOW
12.955683455352682,1.1657079630612053,29.079361400886594,-1,Anomaly,-0.035249552792971595,100,HIGH
12.39595083257862,2.1996115613026395,33.42907330806866,1,Normal,0.17001162552434218,100,LOW
12.08268672131323,2.3235979698513707,33.51641047749988,1,Normal,0.13844114271834462,100,LOW
12.646763473630957,1.758406768850313,35.18062972249664,1,Normal,0.11104221558722888,100,LOW
12.462659078501426,1.3871171684988295,33.177247901536305,1,Normal,0.12967980549984498,100,LOW
11.812098962836068,1.26781255989509,30.473109122877503,-1,Anomaly,-0.012961904545839675,100,HIGH
12.001544185330472,2.112225909279986,31.923277063424017,1,Normal,0.12546436576403203,100,LOW
12.459058370760737,2.523549151306077,26.692772285332644,1,Normal,0.048070106184611605,100,LOW
12.621539973998624,2.8419638457289342,29.915860606732824,1,Normal,0.06202864653033979,100,LOW
12.451410484356991,1.7705578685655299,30.77215268566069,1,Normal,0.16652681419947907,100,LOW
12.365305515283529,2.539340416715648,30.427734806196224,1,Normal,0.1359682532044037,100,LOW
12.309668891323213,1.9807457652496463,32.457064616101164,1,Normal,0.1680467464743567,100,LOW
11.956443402889771,1.9136863500295902,29.532740202853397,1,Normal,0.0959854522313881,100,LOW
12.184046737481587,2.441829968743336,35.36309200197341,1,Normal,0.09693071728516117,100,LOW
12.261808368712064,2.32616143920671,32.00062119475459,1,Normal,0.15777268640209524,100,LOW
12.717136667865676,1.2118039215078753,31.972099036584158,1,Normal,0.06025293532428455,100,LOW
12.503085486870539,2.738270174862948,31.016315850461247,1,Normal,0.10174978875155949,100,LOW
11.87108795339118,2.6900456770737255,32.465572051576935,1,Normal,0.03506061984711317,100,LOW
12.497225190818439,1.6872186492452352,34.475294794002906,1,Normal,0.14437408831715437,100,LOW
12.284475315875106,2.1979017667187044,29.3986093528673,1,Normal,0.14836092191897265,100,LOW
12.196923399908213,2.2470150931413695,30.02565053277423,1,Normal,0.14966031824466441,100,LOW
12.58350288665226,2.1303368829119536,31.088821913670007,1,Normal,0.15905872588357484,100,LOW
12.709299856748785,1.7248474230772899,27.962387229580354,1,Normal,0.07595797228412954,100,LOW
12.67938403573486,1.6641883160309743,29.542226420835508,1,Normal,0.10850075654953861,100,LOW
12.148234743033209,1.9872229645042774,30.57133737936602,1,Normal,0.15954608253468433,100,LOW
12.307236287244637,2.586364509629682,34.623167542138184,1,Normal,0.11506274834265062,100,LOW
12.49937902942107,2.271800077297216,32.78768398700578,1,Normal,0.16095250319150411,100,LOW
12.692663538136708,1.814692833956947,32.58076973410263,1,Normal,0.1349065138510695,100,LOW
12.256247728646413,2.385849355324172,34.55269388650392,1,Normal,0.13285671424460804,100,LOW
12.068099507798191,2.5743828501860517,33.17139454978667,1,Normal,0.10912523854414063,100,LOW
12.041138012775798,1.13014311061095,31.690334741202513,1,Normal,0.02724483467924843,100,LOW
12.64375774671826,1.818779529298434,32.796087048198885,1,Normal,0.14561915405819936,100,LOW
12.806872008571247,1.440165052686928,30.251724027165253,1,Normal,0.06175328887504139,100,LOW
12.701059869367608,2.58041339368926,31.597162513441088,1,Normal,0.10495773790619456,100,LOW
12.50849080751429,1.7661493993440542,36.26824440829982,1,Normal,0.11474154162608069,100,LOW
12.206464073618463,2.1732519408653577,34.77864620672478,1,Normal,0.1399486591078592,100,LOW
12.508418681652525,1.976539710560408,34.89619245377351,1,Normal,0.1439591586786122,100,LOW
12.861410969939792,2.238520413611561,35.70839216541865,1,Normal,0.0725106552309972,100,LOW
12.389252188267015,2.038410945530128,32.26597277288431,1,Normal,0.17746879237644636,100,LOW
12.869393096744203,1.3585038879057152,32.59194712221679,1,Normal,0.059205918332841945,100,LOW
12.646570751312568,1.7531217084193438,31.05178143191885,1,Normal,0.1426526598417867,100,LOW
12.426114120471452,1.2217090506701245,33.847313449313425,1,Normal,0.09944634849492373,100,LOW
12.31029779486024,1.7859424195170437,35.61165331150645,1,Normal,0.12074339339632018,100,LOW
12.42752823296065,2.750379895317155,31.581661172957002,1,Normal,0.11802401770588034,100,LOW
11.803729325619733,2.4251108710567464,30.649432205445766,1,Normal,0.03553232212207269,100,LOW
12.334098433648746,1.8256739327960705,32.00158387656979,1,Normal,0.16321628491788603,100,LOW
12.507133771453525,1.8253711478407857,33.80362024678735,1,Normal,0.15994210675824405,100,LOW
12.843368213422455,1.8391824743913088,27.668435551599373,1,Normal,0.04798283086709909,100,LOW
12.157451919132043,2.1909677261157765,30.34838945152525,1,Normal,0.15532480603072707,100,LOW
12.24947288692464,2.215020823595535,28.337862722257526,1,Normal,0.12311013822270228,100,LOW
12.674620635310623,2.515141727015921,30.475579407058067,1,Normal,0.105799546077335,100,LOW
12.498625332897905,2.1193945795132567,31.556659043547587,1,Normal,0.17049021950789628,100,LOW
12.241071938869888,1.8704789270896485,30.64025477293096,1,Normal,0.15876313910575757,100,LOW
12.553980229934007,1.9018250754575108,36.35740260341224,1,Normal,0.1061033812606132,100,LOW
12.429123264804412,1.964199370292968,32.98023429380696,1,Normal,0.1763368015993318,100,LOW
12.690593497159867,1.981388881745079,32.90142307883249,1,Normal,0.14139308337515982,100,LOW
12.189384071836795,2.36381477181849,33.8666214321302,1,Normal,0.14129238506045755,100,LOW
12.30170135602067,2.0259729429036497,28.583500646657694,1,Normal,0.1411423971238711,100,LOW
12.282367554060354,2.36632003860779,35.1173353622608,1,Normal,0.11391944675878884,100,LOW
11.960945515560365,1.9596417099457089,31.77270714039362,1,Normal,0.11257354901182998,100,LOW
12.488836083119374,2.039317595158045,34.01144185172364,1,Normal,0.1622303206714915,100,LOW
12.478316581653967,1.0008996577339462,28.784428300879533,1,Normal,0.00378401146529439,100,LOW
12.40153403699274,2.4581638373512407,27.338723701951807,1,Normal,0.07958351677306574,100,LOW
12.329623859987457,2.1732442379489965,34.453668974075086,1,Normal,0.15368565940266526,100,LOW
11.975388777384875,2.499005054929826,33.12922857829255,1,Normal,0.09167631992875869,100,LOW
12.297185645041969,3.044187352390364,29.391010756175916,1,Normal,0.0163363948606271,100,LOW
12.159316819233515,1.9302051859224132,35.37630435324431,1,Normal,0.11631964134541933,100,LOW
12.351614286500197,2.554091408368758,28.431764321398017,1,Normal,0.09832580387394724,100,LOW
12.521215257044362,1.4800470364372345,36.92801885976789,1,Normal,0.06784720344755202,100,LOW
12.96585577036316,2.306386952531285,29.298137796056395,1,Normal,0.039363760285701765,100,LOW
12.452373343849551,1.4732922184131718,33.91517577682515,1,Normal,0.12954355060326422,100,LOW
12.47726511721683,1.6881155196520974,31.014144572753047,1,Normal,0.1570691951983358,100,LOW
12.37766622527015,2.957015676933393,33.809562293247026,1,Normal,0.05597117690456621,100,LOW
11.824368635410288,1.9046587996183266,30.36765799365742,1,Normal,0.05213427065303744,100,LOW
12.392045837365234,2.1087164365898614,31.511621281783118,1,Normal,0.17463019433872445,100,LOW
12.418069062982308,2.4350338653443773,32.122757526187165,1,Normal,0.1517627464374799,100,LOW
12.342291710565664,2.075209452571788,34.222473036260375,1,Normal,0.15848112924965946,100,LOW
12.490464202700084,2.1824805012331128,30.460359300585246,1,Normal,0.1670210758092231,100,LOW
12.04939658871414,1.9711906014832072,29.016951876174463,1,Normal,0.10959218440894142,100,LOW
12.625579909806033,2.525327198003806,31.426916712199493,1,Normal,0.1309990850083076,100,LOW
12.127183763561579,2.5935151527801903,34.353812863694074,1,Normal,0.10383761105118905,100,LOW
12.820838293280831,2.3193651110145925,31.942218860796817,1,Normal,0.10280821828467701,100,LOW
11.979444681162317,1.4284975436347582,31.211327512375195,1,Normal,0.061305182013982384,100,LOW
12.576057128140082,2.8167157661505478,32.06739767843614,1,Normal,0.0887419266296654,100,LOW
13.057136687742993,1.426827303490656,33.64135734552563,-1,Anomaly,-0.010906002814198512,100,HIGH
12.102839102460793,2.1513177326195168,28.457561554073465,1,Normal,0.11454264159373362,100,LOW
12.230110681119168,1.622862074990321,35.342965084006615,1,Normal,0.10278390079260508,100,LOW
12.429895409526292,1.9679308267035038,34.14614394632373,1,Normal,0.1637714643498685,100,LOW
12.24895730376514,2.16438120515174,34.154557177123806,1,Normal,0.15217790021594546,100,LOW
11.934800970680161,2.1606786077251368,33.315427216429185,1,Normal,0.09777697227090687,100,LOW
12.420568892441809,2.2109603771176425,32.05884997308197,1,Normal,0.16999748858347613,100,LOW
12.08130888588217,2.8068556345293234,34.01858370790046,1,Normal,0.0624008815512912,100,LOW
12.542077729190554,2.2267671507569897,33.77544240122413,1,Normal,0.1631848218195842,100,LOW
12.12417272972986,1.8779216823546756,30.93787786717693,1,Normal,0.1456615304635287,100,LOW
12.864980321505262,2.482043584144179,30.279194681309296,1,Normal,0.06920155323869204,100,LOW
12.16502401229913,2.59473524446232,32.30556888578596,1,Normal,0.12259046188982475,100,LOW
12.303381545138297,1.3861960924315038,36.64706045448556,1,Normal,0.048007867814789607,100,LOW
12.6440551652109,2.298700034924929,28.2826787730383,1,Normal,0.10568532916285195,100,LOW
12.030740705069814,2.3505863711554493,27.59742420274268,1,Normal,0.06391560814019615,100,LOW
12.46823798038124,1.851218248320004,32.49428252370955,1,Normal,0.17075036530118853,100,LOW
12.792142826284728,2.68785340665581,32.15266310556805,1,Normal,0.06527773703052508,100,LOW
11.917755029631632,1.9249722064837367,32.52002499311122,1,Normal,0.0965005222355314,100,LOW
12.455390157559691,2.0627882267357713,32.7318595937255,1,Normal,0.17749683922900117,100,LOW
12.477964838274527,1.913464087858065,31.330393236095585,1,Normal,0.17083782605303638,100,LOW
12.634546861533194,2.0077895237907337,36.46959031580624,1,Normal,0.09254328373924603,100,LOW
12.028914786736575,1.4518624565523992,27.197288064570454,1,Normal,0.005148928607329628,100,LOW
12.003863016074718,1.2799745587028528,29.51450892565926,1,Normal,0.03376297565598607,100,LOW
12.55658246968507,2.797252531612486,31.69023571955286,1,Normal,0.09981949535138601,100,LOW
12.489095401969957,1.576519325840836,27.0704335665375,1,Normal,0.06191999944427018,100,LOW
12.475147855103764,1.5043038252718464,31.472436786703785,1,Normal,0.13772232660590555,100,LOW
12.503934462849093,0.9233049431981426,36.98441049718406,-1,Anomaly,-0.022680875180223214,100,HIGH
12.195992583526452,1.6805191261552488,32.062659464887886,1,Normal,0.13751867563214776,100,LOW
12.4696761091483,1.3384551032962508,32.692102717156054,1,Normal,0.12304819703733222,100,LOW
12.487921741989604,2.8210075800681844,28.21950570448226,1,Normal,0.04756037059598395,100,LOW
12.18569457459209,2.5049085446713173,30.15091577588157,1,Normal,0.1263639887790865,100,LOW
12.959732353343428,1.655924827411138,30.87441085902819,1,Normal,0.04943622645924983,100,LOW
12.542149876273538,3.1262179026721544,31.0468547097313,1,Normal,0.00827291066706426,100,LOW
12.042608950839206,2.490882743495797,35.84493138501131,1,Normal,0.06132199624009771,100,LOW
12.59696608259015,1.8375843082456889,33.67307318217537,1,Normal,0.14846922443363908,100,LOW
12.636125381122737,3.145471286295371,32.739514335296015,-1,Anomaly,-0.008095227166425856,100,HIGH
12.747578673702222,1.305213766618202,33.49466524549035,1,Normal,0.07794429712660977,100,LOW
12.153795304494487,1.177300626521554,35.4204471155638,1,Normal,0.024373165110155193,100,LOW
12.689012838773296,2.5112852160048202,36.74162205970512,1,Normal,0.06412298395770766,100,LOW
12.646618047998347,2.692136409255259,29.567427466368986,1,Normal,0.08542083009757073,100,LOW
12.969037894796184,2.28195456002618,28.22726642325615,1,Normal,0.016701633300777563,100,LOW
12.326383565199139,2.297377170832643,31.297940422679055,1,Normal,0.16284151922452667,100,LOW
12.173879150692754,2.4267077793901537,33.399075123339,1,Normal,0.14411646814397744,100,LOW
12.133145671112343,2.3794642948933826,34.9620035497673,1,Normal,0.11611703987074673,100,LOW
12.15525691451037,2.140595711984688,31.77214692907243,1,Normal,0.15733627715934745,100,LOW
12.37686948717577,2.052100551975938,31.040457430235467,1,Normal,0.17515974770523085,100,LOW
12.502345592444993,1.968703436050239,32.45527397674622,1,Normal,0.1655924911617528,100,LOW
12.483007239799006,1.623017705566662,29.49457129510993,1,Normal,0.13160865856775267,100,LOW
12.648154974710808,1.859662461566613,38.26861616508432,1,Normal,0.028265110577683883,100,LOW
12.403900567563372,1.1535215929023073,27.177016918645826,1,Normal,0.0045057184506342995,100,LOW
12.836060223147195,1.950830186602625,32.554221736687175,1,Normal,0.11136196577916946,100,LOW
12.320602950028613,1.5057044464245413,38.07081865768892,1,Normal,0.01968821145384292,100,LOW
12.587700204329503,2.089947075576739,31.429882894995515,1,Normal,0.1523718360830717,100,LOW
12.142852733075115,2.6960011431722997,30.927663731568718,1,Normal,0.09635267189653057,100,LOW
12.078732250581666,2.4591583030011566,31.458824954712778,1,Normal,0.1229587971918158,100,LOW
12.544741724572956,1.2147496981884114,36.11854542402959,1,Normal,0.04439246490325688,100,LOW
12.332961164402246,1.5051859317148313,25.36441426601148,-1,Anomaly,-0.028143089613318684,100,HIGH
12.614200148227628,2.470385593994108,36.600301103888974,1,Normal,0.07756162444569803,100,LOW
12.541971287372064,1.5087563032308453,27.728128542649564,1,Normal,0.08227380793524264,100,LOW
12.37815132620294,1.8876834250014878,31.200043012296756,1,Normal,0.16857812784754223,100,LOW
12.14596188457948,2.275026049512276,30.712266739104013,1,Normal,0.15250989618737676,100,LOW
11.945545832594242,1.5158277725681824,33.76565980931216,1,Normal,0.062173412261810945,100,LOW
12.266045514379893,2.05268775307298,27.205626944348758,1,Normal,0.0978014178971276,100,LOW
12.656919638297042,1.3329872525408977,33.38651799824583,1,Normal,0.09824025474217629,100,LOW
12.464228123239062,1.699316178024393,38.07292886986056,1,Normal,0.046430111365545756,100,LOW
12.026278366386403,2.1598909670712683,27.91047798622157,1,Normal,0.07884840582229008,100,LOW
12.451954277755355,1.2035031332341655,32.56911850283119,1,Normal,0.09542531903204082,100,LOW
12.515595213918651,2.2202373689801993,30.01405346661017,1,Normal,0.1525559868509483,100,LOW
12.134842769139661,1.9901811005366594,33.27766161857911,1,Normal,0.15985171754967892,100,LOW
12.446117531783658,2.2762449772085738,32.05744333224725,1,Normal,0.1684467962311848,100,LOW
12.4174626155338,2.1119570670323307,30.075539272867072,1,Normal,0.1629933722338895,100,LOW
12.057108910650813,2.682070214986922,33.46361685461322,1,Normal,0.08551810861807324,100,LOW
12.507336208104485,2.0626122513239538,37.41304432936023,1,Normal,0.06865817366476701,100,LOW
12.56823535791047,1.7852972294373735,31.427288624818104,1,Normal,0.15414974449591884,100,LOW
12.724915372952584,2.061148751516142,34.15927382644455,1,Normal,0.1236935121058172,100,LOW
12.71614061561047,2.271649014518194,28.12018112638651,1,Normal,0.08554837588148018,100,LOW
11.986699189612873,2.0244300351628524,29.130690869545973,1,Normal,0.10621188851410851,100,LOW
12.118652488025463,2.0202958456019413,33.41721883364113,1,Normal,0.15354929088854408,100,LOW
12.554510580162598,1.6490041560966224,36.452348085607895,1,Normal,0.09425344582743356,100,LOW
12.554135785273663,1.668549541224526,33.06684004635698,1,Normal,0.14722415342912332,100,LOW
12.554514305891814,1.2986973641001534,31.060825908430537,1,Normal,0.10124565072862463,100,LOW
12.57126715320795,1.3780683823043574,28.248776798090848,1,Normal,0.07835210724972641,100,LOW
12.74066969205418,1.6535474011020463,33.8135459790661,1,Normal,0.1138132670138724,100,LOW
12.68620052904796,1.6407963672154013,34.64699918697023,1,Normal,0.1080825291736332,100,LOW
12.59541737539174,2.4474621884722207,30.64372900150076,1,Normal,0.1330897691711676,100,LOW
12.305419226607897,1.852525160853986,30.589873556721496,1,Normal,0.16201872975948367,100,LOW
12.62769076614798,2.623871036336867,32.797634688956144,1,Normal,0.1197161217514604,100,LOW
12.16815243563873,1.6632546878780659,30.689840791878215,1,Normal,0.12905832351615704,100,LOW
12.328954417977998,2.139497081111901,31.801602156122534,1,Normal,0.16869082121557927,100,LOW
12.25439093565127,1.5823264733701214,38.29916536749955,1,Normal,0.006893957213932711,100,LOW
12.424562241815897,3.072574563886694,31.25892289776201,1,Normal,0.030677371245474316,100,LOW
13.094397570002053,1.4062007904852436,30.924979543936335,-1,Anomaly,-0.02998125077174274,100,HIGH
11.839820442222475,2.154910355113514,30.05737458309452,1,Normal,0.059500401227211785,100,LOW
12.605878057112355,2.316888440466049,34.23257591449981,1,Normal,0.1370589633086517,100,LOW
11.916185238643106,2.2068995487257492,31.456327480345692,1,Normal,0.09629097906765094,100,LOW
12.258420440263171,1.907356170561146,30.05188088503572,1,Normal,0.15399245287400248,100,LOW
12.726685179090211,1.9350896501332868,35.96391209681904,1,Normal,0.09306798404341576,100,LOW
12.41928400572864,2.021905735989555,36.25880901354091,1,Normal,0.12080500478082806,100,LOW
12.076676566621208,1.9264989991857557,30.198729302783885,1,Normal,0.13531022379748853,100,LOW
12.18540888722201,2.481939558397455,26.400380145918152,1,Normal,0.02335057139789809,100,LOW
12.603879324680403,3.1052615007956756,35.022541069510766,-1,Anomaly,-0.010528635943017117,100,HIGH
12.180890010484859,1.7212541074960832,29.946110522719987,1,Normal,0.13404380614984562,100,LOW
12.464937576874593,1.315098510210461,34.371876797488305,1,Normal,0.10418996400641234,100,LOW
12.413671551971145,1.9558589758243725,26.089688546864494,1,Normal,0.04349881127508448,100,LOW
13.043183226797598,1.5981627160151346,28.36648421215766,-1,Anomaly,-0.012308029133518139,100,HIGH
12.590175706695403,2.8195584027220337,34.19229235719958,1,Normal,0.07415525636686776,100,LOW
11.792457224002717,2.8388504070382203,32.0428192035093,-1,Anomaly,-0.01189825966152891,100,HIGH
12.45593629443083,1.7232058791460028,29.138181741810065,1,Normal,0.13990601127753105,100,LOW
12.201464060569483,2.2844915395926377,30.77889106121966,1,Normal,0.1572039000775936,100,LOW
12.655730000438867,2.814198311564269,34.0589553708701,1,Normal,0.07369161078724312,100,LOW
12.16224377847019,1.8104361295062565,32.3176833593457,1,Normal,0.1497465073787601,100,LOW
12.365579067559931,1.898209819948819,33.75323894141745,1,Normal,0.16653221210404828,100,LOW
12.551496183694137,1.709159543025678,37.92932175354646,1,Normal,0.03858004483182509,100,LOW
12.659726558251037,1.4926216346535666,27.307275164866844,1,Normal,0.05374126475107455,100,LOW
12.039911077883268,1.6753612274669964,36.85163772490587,1,Normal,0.04356691436629789,100,LOW
12.299649629247716,1.3880298666188717,32.31306781256964,1,Normal,0.10811553936952095,100,LOW
12.257516406651714,2.017041734129613,29.303647855030615,1,Normal,0.15122676297381749,100,LOW
12.204001230227886,1.615013384470679,28.00905912278303,1,Normal,0.0814090389135721,100,LOW
12.929636272084329,2.116892955895374,31.4326388276689,1,Normal,0.08081388025031089,100,LOW
12.521494513288287,1.2220521768981865,34.76495033577338,1,Normal,0.0795266599504329,100,LOW
12.021734813699487,2.1654401161072285,31.6173526388674,1,Normal,0.12254947434719582,100,LOW
12.675358584116433,2.416764480804462,36.533464790742045,1,Normal,0.07791667903244587,100,LOW
13.03664685910379,1.0031321787142722,27.646472929845324,-1,Anomaly,-0.09878076514940393,100,HIGH
12.709739578165344,2.187028284923786,31.963733156461835,1,Normal,0.13024056361308978,100,LOW
11.944189010213796,2.613834496236646,28.242819666760642,1,Normal,0.02404620130861268,100,LOW
12.254729778140124,1.3951794906543973,33.0908956478749,1,Normal,0.11406285393493049,100,LOW
12.780073344755987,2.836286193418852,34.6606621702919,1,Normal,0.032132437041947015,100,LOW
12.187699160314367,2.2095095046830227,30.73771461895684,1,Normal,0.15816765735611105,100,LOW
12.632390216028801,1.9721154611711469,32.59684444038948,1,Normal,0.1506306982501096,100,LOW
12.121920858526575,2.279163456260861,33.31021565520053,1,Normal,0.14802180716198804,100,LOW
12.38214239318146,2.0380026957062056,33.21288426488509,1,Normal,0.1742596431601618,100,LOW
12.092683707599713,1.5396632034603168,28.786838961052855,1,Normal,0.07508331410228924,100,LOW
12.324229554582052,2.084680412018039,34.04064831635135,1,Normal,0.15951046515599515,100,LOW
12.025665045410545,1.29314275154751,35.57752253743392,1,Normal,0.014087922530621855,100,LOW
12.88972339117949,1.94438696932565,26.66423724798045,1,Normal,0.008311065381883198,100,LOW
11.97095758661181,1.548046179267605,32.95895547775693,1,Normal,0.08059487558008349,100,LOW
12.267986653990905,1.6322350287051166,30.487460506976987,1,Normal,0.13354499623499405,100,LOW
12.439222173185827,2.618046587605219,31.75543198069506,1,Normal,0.13795208313433782,100,LOW
12.832381986719835,2.5456550602971344,33.04302945061501,1,Normal,0.08562735578909858,100,LOW
11.969241354646169,2.3045690604535887,30.53831430765934,1,Normal,0.10820165485058031,100,LOW
12.748949125646488,1.4538436176637104,29.972875762515166,1,Normal,0.07691663091668116,100,LOW
12.403069918305876,1.841795775152599,32.10245725246407,1,Normal,0.16991194230410966,100,LOW
12.105547404685614,2.6065488499895917,28.738262183411592,1,Normal,0.07701955221246842,100,LOW
12.53863104227898,2.0708584568199524,28.742524613344443,1,Normal,0.14363567415468032,100,LOW
12.459717908672042,3.1596647699908473,34.03811984886951,1,Normal,0.0032762022058501206,100,LOW
12.219934936852361,2.1966589196971857,28.55361789452403,1,Normal,0.12968769088084414,100,LOW
12.420940625497005,2.096024558245016,33.998937502727635,1,Normal,0.16383948751914307,100,LOW
12.284405920941472,1.8454417678987494,33.38777387856185,1,Normal,0.16513188790231748,100,LOW
12.434055203575374,2.066770452391141,26.82257981362821,1,Normal,0.0794192000445556,100,LOW
12.598639202356315,1.923765081809728,29.967306042993034,1,Normal,0.14683264992037426,100,LOW
12.875805044843606,2.3540543383442953,35.58232820914212,1,Normal,0.05489166059462136,100,LOW
12.028655350351945,2.478351158397292,29.056503406580955,1,Normal,0.08192489823477433,100,LOW
13.03991001239688,1.6070052697460253,30.606787213071836,1,Normal,0.014332818659242963,100,LOW
11.81437366014325,1.334383523221111,33.38618267975569,1,Normal,0.00011511452726598037,100,LOW
12.354464471489326,1.0818973134483518,34.350171527847785,1,Normal,0.048184778734467804,100,LOW
12.576495161945374,2.253995663456272,31.245383341866514,1,Normal,0.15438876650778544,100,LOW
12.48429756032051,1.4483166969130632,30.207469415925075,1,Normal,0.12172175101940769,100,LOW
12.213190144053822,0.9235547035237586,36.267109585095525,-1,Anomaly,-0.016240572236796758,100,HIGH
12.337563324892818,2.194289302265482,37.21669899139274,1,Normal,0.08321547439061983,100,LOW
12.223190572916737,1.9969645442300534,32.25595442769507,1,Normal,0.16392868951801198,100,LOW
12.654880629106307,2.419245387225821,29.57520283507722,1,Normal,0.12189868712940888,100,LOW
12.507104645789514,2.0409146792737825,29.508666780330305,1,Normal,0.15671744145725086,100,LOW
12.192127121421803,1.9505551734044286,33.56754231579727,1,Normal,0.1608106054316064,100,LOW
12.669879962629976,2.4595382414938842,33.25519466266605,1,Normal,0.12156894920878814,100,LOW
12.492189856262984,1.8548627279056744,36.20479577883929,1,Normal,0.12040235643654407,100,LOW
12.643858635651688,2.1336961570359514,33.95135027760842,1,Normal,0.14116948596360646,100,LOW
12.588888652577085,2.1608489030980067,27.490759094720545,1,Normal,0.09999972550310254,100,LOW
12.151301496723379,1.6659547731784756,35.15584285316876,1,Normal,0.10540745950056751,100,LOW
12.23194568794091,2.4960211747682615,29.005818118056762,1,Normal,0.11485269713628565,100,LOW
12.624188081536978,1.9125201216522956,30.848086184142947,1,Normal,0.14568262938985976,100,LOW
12.58311107963004,1.6221274202535776,32.75060061875509,1,Normal,0.1395134575978299,100,LOW
12.393729521810755,2.2682549217852017,37.98700246935189,1,Normal,0.046588706575176,100,LOW
12.783299468736528,2.014090578684564,33.820169177408545,1,Normal,0.1186628502445356,100,LOW
12.222528583349252,1.9954405016778982,31.450410143838837,1,Normal,0.164283371871277,100,LOW
12.564129214351011,2.542947782915789,33.60351694544165,1,Normal,0.1362749124522349,100,LOW
12.339342204269832,2.2373491164399764,34.66296627762151,1,Normal,0.14626284429203568,100,LOW
12.334695639031834,1.9874865206274281,31.037997123328424,1,Normal,0.17148517380697692,100,LOW
12.729633055596157,2.4088831496001437,37.385634067736966,1,Normal,0.045956982323594464,100,LOW
12.647624904696409,2.695103774508657,32.690212277574204,1,Normal,0.1014317271098496,100,LOW
12.644052890800191,2.278905153175931,33.49322926727418,1,Normal,0.14375480483254682,100,LOW
12.7916436421463,2.00517630992169,33.997772756163386,1,Normal,0.11385499498957352,100,LOW
12.406301152489828,1.3440818838249202,33.264759831843364,1,Normal,0.12075065912718402,100,LOW
12.60458589138849,1.4674431684623137,34.516821501408835,1,Normal,0.11066087478249909,100,LOW
12.306919973021964,1.847387647822666,30.14824044035923,1,Normal,0.1555911983460732,100,LOW
12.497249905746534,1.6952438989203584,30.32509473816191,1,Normal,0.14740559952251253,100,LOW
12.360957083689694,1.906514348507277,28.699537301084916,1,Normal,0.13609902438443888,100,LOW
12.429098789497816,2.0283249624485538,33.31850369186068,1,Normal,0.17568619354772413,100,LOW
12.578547107631074,2.2648463771783653,34.33680951053634,1,Normal,0.1462449201360967,100,LOW
12.154533795029959,1.9647506109704544,33.373318598455654,1,Normal,0.1583718603680419,100,LOW
13.027716182705639,2.243250821913101,37.023477300042615,-1,Anomaly,-0.03604486393574802,100,HIGH
12.09819478555009,2.03223720740506,31.98321194351286,1,Normal,0.15360491683999594,100,LOW
12.035743416163681,1.0122667168230643,34.00622496677754,-1,Anomaly,-0.005809364623216684,100,HIGH
12.74743326205002,1.5303323030906228,28.724897371582056,1,Normal,0.06733677446730468,100,LOW
12.637498808188882,1.9279562221391924,30.838700892576796,1,Normal,0.14777640692506483,100,LOW
12.587235945115648,1.3951526285794462,34.086613272697335,1,Normal,0.10895875894508511,100,LOW
12.588503652779284,2.299964364998102,34.54730633222943,1,Normal,0.13334282933614972,100,LOW
12.396325968145925,2.7653754161718487,31.118099157007453,1,Normal,0.10607871083703901,100,LOW
12.130823688554251,2.6093809258486584,31.7852022444258,1,Normal,0.11820572073416902,100,LOW
12.422741367458118,1.893278564534896,27.44637875995757,1,Normal,0.11008645463995409,100,LOW
12.196851486546366,2.745363068424976,30.92891239758017,1,Normal,0.09253298045715402,100,LOW
12.692535920025326,2.0743337286010557,34.67114949055936,1,Normal,0.1200183995582309,100,LOW
12.355882785549358,1.8314570144409803,33.725615048319696,1,Normal,0.1642198042448908,100,LOW
12.152350840962248,1.6932986682295301,33.50199716414363,1,Normal,0.13724340406894908,100,LOW
12.303584247504102,1.8487651567559358,32.14932106154288,1,Normal,0.16509792673034357,100,LOW
12.523879436282687,1.8059115907293857,32.021189475884526,1,Normal,0.1587150130699465,100,LOW
12.230882634158808,2.085208111187744,30.01903658157966,1,Normal,0.156299438162587,100,LOW
12.15333388133007,2.0802869905249324,34.09648526060761,1,Normal,0.15126473804745866,100,LOW
12.473106163447573,2.001523010076707,33.26291883316817,1,Normal,0.17247386674291365,100,LOW
12.473489971332617,2.218469084873175,33.476056543978395,1,Normal,0.1670114801981764,100,LOW
12.247917047388661,2.5953231373931707,30.42189547199726,1,Normal,0.12220471295271745,100,LOW
12.258688508314503,2.474777067720662,25.539971240386265,-1,Anomaly,-0.028575160495654228,100,HIGH
12.469614981207291,1.2575510157750482,35.29145813526109,1,Normal,0.07195912101391966,100,LOW
11.977760867687033,2.467159955619637,29.411672707870636,1,Normal,0.07645158406317426,100,LOW
12.18446673362427,1.3165606507922893,34.08043673574198,1,Normal,0.08421304484932057,100,LOW
12.335965854486446,1.8876172990536582,30.823962080242612,1,Normal,0.1650203679078201,100,LOW
12.493272269679402,1.4149434869703201,35.17980915213987,1,Normal,0.10398949538429475,100,LOW
12.842606865084866,1.0990097812099902,33.851017848730095,1,Normal,0.014188589111284733,100,LOW
12.657297886960606,2.270731364102394,34.05070796960143,1,Normal,0.1356033432813925,100,LOW
12.352018441010973,2.3795775801513233,27.902132866398397,1,Normal,0.10738005745303059,100,LOW
12.394295137629193,1.7117447996366404,35.6358319561592,1,Normal,0.1168873748863688,100,LOW
12.394446059202284,1.7268777758737586,30.89216858226139,1,Normal,0.16193159362281195,100,LOW
12.31340240832396,2.1959020027012732,32.43016540202675,1,Normal,0.162537389094563,100,LOW
12.496815568101427,1.2605442156129356,26.67129430130504,1,Normal,0.0020540111977399578,100,LOW
12.151830716934304,2.0916799598895777,33.22595843444201,1,Normal,0.15962434069513598,100,LOW
12.555803954272353,1.9923450754135021,28.911885475453786,1,Normal,0.14121077395805814,100,LOW
12.859821673900774,2.289645749800544,27.941989142469396,1,Normal,0.057576312511190886,100,LOW
12.367371955462943,2.0597901842070767,27.432922441346328,1,Normal,0.11588588202555761,100,LOW
12.520513516629682,1.5134655295592223,35.33806512496977,1,Normal,0.10217706985020769,100,LOW
12.607043197513335,2.598285750832246,30.112209818921635,1,Normal,0.11148585149238921,100,LOW
12.279633858434249,1.920735213486515,36.6011831297495,1,Normal,0.09912936151537927,100,LOW
12.467227744543125,1.986347730245034,30.392595610843106,1,Normal,0.1686705029471317,100,LOW
12.403777720234539,1.533366020463402,26.87792612722116,1,Normal,0.04761620790296239,100,LOW
12.42930282956465,1.778358874404245,28.650426680154023,1,Normal,0.13265113651616262,100,LOW
12.16809706484336,1.5575986429865496,35.70743486002082,1,Normal,0.08648792295384988,100,LOW
12.407353052277683,1.9135269700382884,31.532305466189996,1,Normal,0.17041585116873365,100,LOW
12.549399487373636,2.8558542400711717,30.3551381105282,1,Normal,0.06628046178038893,100,LOW
12.835343082338513,1.3140494285343218,32.480054677558364,1,Normal,0.05961794371319107,100,LOW
12.687781247825562,1.1932193010616294,33.50534820850263,1,Normal,0.06382350464860398,100,LOW
13.045954737253467,2.735585163746804,35.352196447707385,-1,Anomaly,-0.04254491058063581,100,HIGH
12.169795731133586,1.895338161424067,36.34549768967878,1,Normal,0.10173026561228576,100,LOW
12.661696191016205,1.6654636306700417,30.92069406263274,1,Normal,0.1266609628533759,100,LOW
12.455002601721507,2.519952343698038,28.021856941753885,1,Normal,0.09914171642503733,100,LOW
13.056940879965302,1.6971922301315678,30.759604516630173,1,Normal,0.016173376913599324,100,LOW
12.157510514393454,2.913004856773468,32.780841519748655,1,Normal,0.061516891537814145,100,LOW
12.148083447345767,2.3389629356696346,29.108723221368166,1,Normal,0.12485234860452038,100,LOW
12.220182206366793,1.7560442959271487,29.12854725531487,1,Normal,0.12418791653637984,100,LOW
12.242273493495771,1.6971425384983307,31.854042945288647,1,Normal,0.14700229165726753,100,LOW
12.172260201533891,2.3710476860046534,32.09839098623476,1,Normal,0.1416267503469324,100,LOW
12.445118135942863,2.149646290203246,29.72451399589979,1,Normal,0.16547378054579065,100,LOW
12.502526792733148,2.650870644699399,31.308797857382697,1,Normal,0.12426530345277087,100,LOW
12.962851251764766,2.7807555983634265,29.227300567195087,-1,Anomaly,-0.008909760617571982,100,HIGH
12.685127151455815,2.0160020745328833,34.67059523337436,1,Normal,0.12162226298820167,100,LOW
12.22692890330128,1.6232910648269083,35.10574800417126,1,Normal,0.1059162692753346,100,LOW
12.130475598595494,2.229986071469558,26.461436413285718,1,Normal,0.03583501580253867,100,LOW
12.547575751451951,1.6611423151239468,29.21146741942277,1,Normal,0.12407986067642118,100,LOW
12.003930037893808,3.0066936237633115,27.510412234729763,-1,Anomaly,-0.03221596160767115,100,HIGH
12.949437629756307,2.0682676655413688,30.049928196779305,1,Normal,0.056388351913297496,100,LOW
12.753832036216387,1.8173392243439457,31.749686090628916,1,Normal,0.12276593049851203,100,LOW
12.25924730436859,2.0923401529324543,27.65106434090441,1,Normal,0.11490707562267588,100,LOW
11.886059641272738,1.3264368552351518,29.23442056062406,1,Normal,0.0036228985348126796,100,LOW
12.806161712249624,1.5141929807446743,28.988127883755503,1,Normal,0.05319921680995532,100,LOW
12.365638046424214,2.600206953972213,32.62180198819683,1,Normal,0.14068819870433874,100,LOW
12.771344893592039,1.6715528605143022,32.20803301110875,1,Normal,0.10505971350841337,100,LOW
11.92167170236169,1.47654450865903,29.83478733998824,1,Normal,0.04218669633813321,100,LOW
12.220187493113869,2.268326376263643,32.53046261641819,1,Normal,0.15518739615208554,100,LOW
12.401573109915455,2.5928520773314983,30.359959746238204,1,Normal,0.13071938965385832,100,LOW
12.414094178129423,2.3594766553325335,31.18503466902184,1,Normal,0.15806422294251554,100,LOW
12.264980358556228,2.4980238429029082,37.02035627089561,1,Normal,0.06426981721662894,100,LOW
12.58685497970425,1.6216024557152697,36.02138315537104,1,Normal,0.09419602333738192,100,LOW
12.079713871185222,1.2890946666290781,28.101256289217208,1,Normal,0.021271117066434142,100,LOW
12.357286154493613,2.7506668259777434,34.48919725363752,1,Normal,0.09840120225393822,100,LOW
12.43608868951357,1.8386600805789322,34.434189663474776,1,Normal,0.16027029946335686,100,LOW
12.554331650217625,1.8745834917724764,28.555210133742143,1,Normal,0.12773263363712833,100,LOW
12.613484463426667,2.664097070924529,34.45633293126458,1,Normal,0.10286829568957001,100,LOW
12.062607372448639,2.27811500470033,36.61379575523766,1,Normal,0.07278015737492316,100,LOW
11.939765748779314,2.2279438860408036,28.632365581266757,1,Normal,0.06786991755703342,100,LOW
12.783303046569554,3.082501172450542,29.24749153695721,-1,Anomaly,-0.027149140603041966,100,HIGH
12.499694203593878,1.6782408848099286,35.052984400530505,1,Normal,0.1327811777664643,100,LOW
12.175454039033035,2.4639200640406185,32.81448593247694,1,Normal,0.13916210611904284,100,LOW
12.865345592656757,2.028506562448542,33.65442882571857,1,Normal,0.10470691618372457,100,LOW
12.434702390287859,2.1342961394316284,33.02176764920149,1,Normal,0.17433510583677753,100,LOW
12.753789155219149,2.764234213206266,33.17208776278443,1,Normal,0.07096484963501148,100,LOW
12.420255544423034,2.253917878144812,28.02058361506675,1,Normal,0.12298692825630447,100,LOW
13.018224377464596,2.2691480395248167,35.14195311986435,1,Normal,0.0029663531317587477,100,LOW
12.926602252732962,2.536253668654901,35.50876997728332,1,Normal,0.023086843475712993,100,LOW
12.325310755456279,1.8175236352285573,31.31182776779592,1,Normal,0.16726945692603712,100,LOW
12.691471285286307,1.5803951663304967,31.869569150558412,1,Normal,0.11002277264289223,100,LOW
12.593612784875544,1.477595402989483,27.406677492332832,1,Normal,0.07165503188092093,100,LOW
12.810589467259705,1.0168217053119992,33.5427642680535,1,Normal,0.0003033614110155014,100,LOW
12.11052296182597,3.028103564970161,33.71617232514243,1,Normal,0.020854815696722206,100,LOW
12.605815437999532,1.4483958171391584,31.813426949002068,1,Normal,0.11896831709094163,100,LOW
12.717527346054876,1.889373188207114,35.373060079611506,1,Normal,0.10468101002850244,100,LOW
11.872378154073067,1.8615933500555397,30.997768307060177,1,Normal,0.07698160361466216,100,LOW
12.045022446200267,2.1537033489045503,33.6938177776808,1,Normal,0.12899521170926748,100,LOW
11.78823034667197,2.4078686062696484,28.941006983923653,1,Normal,0.009804389404735048,100,LOW
12.319177949666633,2.4302367441798727,31.929343547377286,1,Normal,0.14811788366848883,100,LOW
12.615262676738789,1.7084612807155308,31.476937226291493,1,Normal,0.13860206939537112,100,LOW
12.85070711562881,1.9164391431067942,32.67592376612282,1,Normal,0.11054711677368773,100,LOW
12.422228434125932,2.14128997524415,30.891419213499923,1,Normal,0.1726181318544261,100,LOW
12.888584663671388,1.8756544369082264,31.605582212984995,1,Normal,0.09487426359965428,100,LOW
11.985969562535534,2.8036727880099965,34.47814151432452,1,Normal,0.03656365462146949,100,LOW
11.888985268193455,2.2454874758191257,30.689707288285348,1,Normal,0.08011419252691149,100,LOW
12.383335690331014,2.3674388930249086,27.180268697783962,1,Normal,0.08520329663474763,100,LOW
12.515219634681792,2.331440634333706,37.24875171261626,1,Normal,0.07861257320730675,100,LOW
12.390191575571773,2.5867369287426625,36.14436223607146,1,Normal,0.08447323576382626,100,LOW
11.779767369988038,2.0905107793518534,28.123211914683143,1,Normal,0.008067124590219299,100,LOW
12.373263988146164,1.3515840260220768,34.06912341573558,1,Normal,0.11038886321954594,100,LOW
12.008659149848544,2.1998439758763206,30.491075688345973,1,Normal,0.11959050480500916,100,LOW
12.600901764649011,1.6743215531040856,32.790461645993176,1,Normal,0.14179583215875396,100,LOW
12.509979473829056,1.7356916591251217,32.88267238704048,1,Normal,0.15608578201478573,100,LOW
12.118036064101794,2.2931820093775466,31.296776599051036,1,Normal,0.1482585585018505,100,LOW
12.245839924798993,2.619141535716818,29.64870300324081,1,Normal,0.10991515819936493,100,LOW
12.082235943433314,2.010635788368031,29.928376843051222,1,Normal,0.13650294984191985,100,LOW
12.381196270818048,2.154416506299482,29.251424253556273,1,Normal,0.1520879025202025,100,LOW
12.686542696150372,2.851107472317619,29.504533375308664,1,Normal,0.039552639769955156,100,LOW
12.104282186099336,2.1203765897442843,31.798465129851934,1,Normal,0.1543535158098927,100,LOW
12.240922714488269,2.282754822815772,34.04615619713786,1,Normal,0.14809297455269455,100,LOW
12.162138150321297,1.119618620422091,36.46173846600778,1,Normal,0.006987769242862596,100,LOW
12.367890892013634,2.376670810552266,30.25984027588987,1,Normal,0.15191318152362837,100,LOW
12.089427303274189,2.1905791924413887,32.71821350160613,1,Normal,0.1491001055827616,100,LOW
12.233905208395846,2.644876377041373,33.4990553309088,1,Normal,0.12390112591471164,100,LOW
12.040636632223347,2.3365906756349792,33.41600681275782,1,Normal,0.12372577593581735,100,LOW
12.989417539874918,1.930772008008113,32.227865803748266,1,Normal,0.05278248907666094,100,LOW
12.410579065591518,1.387850881855317,34.22804725507917,1,Normal,0.11833826189747798,100,LOW
12.190082347602225,1.8954883713569874,33.44674685804197,1,Normal,0.15932569058766244,100,LOW
12.464193973220267,1.57473977289535,28.287012733018106,1,Normal,0.10226270960228817,100,LOW
12.366301585092751,1.7097382750976386,34.60746819316782,1,Normal,0.14202126601281223,100,LOW
12.333709120140034,2.294289202210305,34.661872511800226,1,Normal,0.1441447816831884,100,LOW
12.584250010013028,2.834952252175703,29.710141687464255,1,Normal,0.06577971654019577,100,LOW
12.627252313014193,2.1973357649114904,32.11381350634281,1,Normal,0.14877979561803284,100,LOW
12.240849655716842,1.4020584689824078,34.04998697843321,1,Normal,0.10166474163297301,100,LOW
12.227254527806597,2.22230133411007,31.372058541261914,1,Normal,0.16064804916441178,100,LOW
12.317484490854508,2.5983157433228254,35.218934143298036,1,Normal,0.09093409506775224,100,LOW
11.945442681340435,1.9329914166635411,29.642041902095052,1,Normal,0.09707745728167022,100,LOW
12.810062280233359,2.0073440973645984,27.856866190538675,1,Normal,0.06884872952822729,100,LOW
12.893490314050386,1.6075508434588799,32.91145578681463,1,Normal,0.07669238106085285,100,LOW
12.325289188133087,2.3241402169219296,34.16468751537843,1,Normal,0.14572839804875293,100,LOW
12.57296708891673,1.9395259256961093,31.307400878465693,1,Normal,0.15979516760350304,100,LOW
12.493375046363061,2.209766221953514,36.3597819899631,1,Normal,0.11933198116532406,100,LOW
12.735872473430373,1.7812708498382948,34.078755869094834,1,Normal,0.11526652661504633,100,LOW
12.36162472255577,2.3611906789138857,30.18241753772332,1,Normal,0.14958060605900758,100,LOW
12.113337867819872,1.8135834239541164,37.15813371862189,1,Normal,0.060729977197978235,100,LOW
11.918066103922728,2.8634819256167026,37.977546059504355,-1,Anomaly,-0.06324189969629868,100,HIGH
12.461039090760167,1.8001819071926988,29.70003023664996,1,Normal,0.15828694053215298,100,LOW
12.17309477641471,2.112342362875943,30.35132859227426,1,Normal,0.1579931873910157,100,LOW
11.973323887120698,2.466295415936545,34.57876366093941,1,Normal,0.07048403259152025,100,LOW
12.206028134727243,1.2908171335334842,30.838608050631457,1,Normal,0.08174696620154753,100,LOW
12.075535598915682,1.119595594009612,31.863766346203285,1,Normal,0.03714407402820408,100,LOW
12.90614249052177,1.2371718427149525,32.07616526162723,1,Normal,0.01594314490647253,100,LOW
12.664491927084836,2.631292051713591,26.240980531407033,-1,Anomaly,-0.009366396337335603,100,HIGH
12.397608207605016,1.7240709270537766,31.95848676171729,1,Normal,0.16004151278198447,100,LOW
12.423210492294286,1.7178762006713058,30.520631532800685,1,Normal,0.15206916305427637,100,LOW
12.141614739601522,2.0922756515985186,36.33089601040644,1,Normal,0.10242606731210396,100,LOW
12.856937223180898,2.7710549762839376,28.23047931716223,1,Normal,0.004774689420343314,100,LOW
12.561673013105398,3.0030464440795615,34.43961556024393,1,Normal,0.03617043339634951,100,LOW
12.088826153702064,3.0307517883181987,31.163111209004576,1,Normal,0.016765628794894405,100,LOW
12.342898396574919,2.6041831152965713,31.160719494512495,1,Normal,0.13491323429104285,100,LOW
12.137314523984573,2.5120312629057313,34.371115688155136,1,Normal,0.11961892767322674,100,LOW
11.985160080710699,2.2962634746005914,33.02015388370667,1,Normal,0.11342808098191409,100,LOW
12.677853264259493,2.389180538083319,33.711838991658595,1,Normal,0.12543212435285078,100,LOW
12.972824992141039,1.7244071418357332,34.90455398159858,1,Normal,0.02444791959028836,100,LOW
11.980429727854258,1.5909005582888465,31.00607485045003,1,Normal,0.08443299748942978,100,LOW
12.568890771007172,1.998312771294524,30.16328979647675,1,Normal,0.153847257821561,100,LOW
12.204807229263452,1.9149076887375358,28.744548420326606,1,Normal,0.13131673754420237,100,LOW
12.253862384870592,1.7733859753363623,29.523768410063134,1,Normal,0.13992563858142976,100,LOW
12.140802769096055,2.4776526042852556,35.73403874221036,1,Normal,0.09138969443814493,100,LOW
12.414556488383448,2.0442034431459235,27.946776901375934,1,Normal,0.13458839270178374,100,LOW
12.15071496507669,2.738765040527631,28.03262612976929,1,Normal,0.04510539648032874,100,LOW
12.481137047733952,1.4291554429332476,33.445598185155475,1,Normal,0.13274664307373868,100,LOW
12.38492856716526,1.903170270360141,33.6417943921339,1,Normal,0.17050807953596142,100,LOW
12.328315585940077,1.6415888396985976,33.64665150595209,1,Normal,0.1417828182106266,100,LOW
12.12773090138752,1.06673169146347,31.235132619338906,1,Normal,0.024035470342091192,100,LOW
12.226968600829501,1.9586596570786503,31.6236372199913,1,Normal,0.16172889399846957,100,LOW
12.626617367747727,1.9391262458083582,32.98363857247807,1,Normal,0.15120780140101503,100,LOW
12.550275156287315,2.7567248716210653,32.25767901887999,1,Normal,0.10864399679345316,100,LOW
12.106733426560435,2.315405842277389,25.342098881757394,-1,Anomaly,-0.029212921490818555,100,HIGH
12.429799691628768,1.4879065878353974,31.31060110827442,1,Normal,0.1362790203798913,100,LOW
12.625416137011538,2.927046283167094,29.44578069721906,1,Normal,0.031858587912128256,100,LOW
11.899178415663588,2.6105168477626766,32.52563425672554,1,Normal,0.054873086929361214,100,LOW
12.201212872316246,1.886757950575084,33.10244499642291,1,Normal,0.16097555989815177,100,LOW
12.571179600577949,1.5202803816382602,31.059410941482806,1,Normal,0.12899212313525377,100,LOW
12.171022253037245,1.8138966119644735,34.765404505931755,1,Normal,0.13401365707025453,100,LOW
11.858535369800645,2.544374309852093,33.448063661627636,1,Normal,0.041440703819391134,100,LOW
11.91173726863505,2.9422931529673044,33.26028347135552,-1,Anomaly,-0.0024483576597464918,100,HIGH
12.414425483998414,2.7716217641360945,33.82055177964701,1,Normal,0.10345318449441643,100,LOW
12.477916750516444,1.755575289106863,38.169630694488625,1,Normal,0.045612344893321,100,LOW
12.128705012468679,1.4401912833554944,28.607334694022253,1,Normal,0.06628293932914109,100,LOW
12.591577737633212,2.0704431234556018,33.420896230434366,1,Normal,0.1517769256953606,100,LOW
11.901543981319312,1.115780317218574,29.220856610055385,-1,Anomaly,-0.02137168978305315,100,HIGH
12.380176060405805,2.1615838570923906,33.666537939026746,1,Normal,0.17078680198435986,100,LOW
12.036695140071263,1.9261987068506656,29.243940465541716,1,Normal,0.10937057102252012,100,LOW
12.204449167659353,1.7669817490658788,30.747899559184745,1,Normal,0.15396399754940032,100,LOW
12.414219601394924,1.2026484663666022,31.114730257286283,1,Normal,0.08942586097651584,100,LOW
12.141875990414814,2.2568000532848584,34.92745015803413,1,Normal,0.13176306108766656,100,LOW
12.284633336731053,1.7336495801690444,34.75536333182724,1,Normal,0.13171987122858825,100,LOW
12.701887842764332,1.4150415821448559,28.262847870660845,1,Normal,0.0641578578980484,100,LOW
12.650707633619543,1.9862425474746819,29.871260435752482,1,Normal,0.13805686815875845,100,LOW
12.061087943602715,2.886125798334872,28.224485267973996,1,Normal,0.008596047538473206,100,LOW
12.558941253374584,2.830629607273935,31.348948848726888,1,Normal,0.08710737871133767,100,LOW
12.83247058619737,1.7714518717068641,31.07455163463254,1,Normal,0.10891762604221955,100,LOW
12.160931423358857,2.234387128037512,33.298879476082085,1,Normal,0.15377184688850087,100,LOW
12.573121638154163,1.5008072804058543,27.86714749773729,1,Normal,0.08462441575641372,100,LOW
12.339086384187102,2.150895949909733,30.305677987487172,1,Normal,0.16296001819303885,100,LOW
12.511343762011393,2.383040139192345,35.06414988628819,1,Normal,0.12351661288177135,100,LOW
12.218804443985254,2.6134666119421537,38.265328318609775,1,Normal,0.0011238264979008816,100,LOW
12.42597693624187,1.9499229617600236,27.242050063286126,1,Normal,0.10498281601228204,100,LOW
12.353296829382376,1.898163124911517,26.360226844582865,1,Normal,0.052515435606436234,100,LOW
12.750334618497943,1.5610087066217195,37.612895526115345,1,Normal,0.01709973966488265,100,LOW
12.476326252990365,1.58655982298007,33.16884253211271,1,Normal,0.1428407661703457,100,LOW
12.501280798622561,1.8867605540492367,29.395121804370902,1,Normal,0.14633666208374085,100,LOW
12.27643691016326,2.183682753408089,33.60388725836731,1,Normal,0.16517756856306298,100,LOW
12.270232543654114,1.5984105246598275,32.010126519791484,1,Normal,0.13641831269365784,100,LOW
12.51833564271349,2.7463442844797608,32.983463518529256,1,Normal,0.11409913164678148,100,LOW
12.273704655753921,1.8644381994787156,34.77281041861349,1,Normal,0.14362061363281414,100,LOW
12.486932457068924,1.989316352825782,28.958312143122388,1,Normal,0.15023427229385494,100,LOW
13.022620239593632,1.6263941604260883,32.25706148421008,1,Normal,0.023110725921058783,100,LOW
12.661337411029509,0.7878798698635292,29.223726121821237,-1,Anomaly,-0.023023597738361268,100,HIGH
12.302192940349649,2.4420226981805246,32.76615126702295,1,Normal,0.1455235229663283,100,LOW
12.760364176649183,2.368421948546217,29.313961032910928,1,Normal,0.09222876954136183,100,LOW
12.277577388093535,1.8593362214408933,30.775697482519337,1,Normal,0.16371506600837327,100,LOW
11.788562639446644,2.033495358612436,29.012553815629314,1,Normal,0.03059264694996222,100,LOW
12.09757410672478,2.25796960885205,33.95340872547097,1,Normal,0.1388548860744488,100,LOW
11.838762423692243,1.2187270715567287,34.575353349969994,-1,Anomaly,-0.02619331926454338,100,HIGH
12.294545954787608,1.7354736613268527,31.296138290127757,1,Normal,0.154402907394596,100,LOW
12.405525513756865,2.3971323398109137,32.11471398488008,1,Normal,0.15325188441949422,100,LOW
12.902931193682585,1.3728552884153753,27.65422575609937,-1,Anomaly,-0.006174600458408008,100,HIGH
12.498078212129249,2.1467789660833145,31.100970055979637,1,Normal,0.16725105319064143,100,LOW
12.334269841357342,1.3217090976882975,31.849386148874764,1,Normal,0.1051411939034036,100,LOW
12.47068436743257,1.1924340920472454,36.39253171625731,1,Normal,0.043392487158306015,100,LOW
12.631259558166091,2.5823696772285856,34.99057632039742,1,Normal,0.09211079912296954,100,LOW
11.956424126266048,1.6327042116009753,32.84190921347041,1,Normal,0.08875062195503258,100,LOW
12.743126212962078,1.5948737814928096,37.2758614525854,1,Normal,0.041463797188291185,100,LOW
12.501548922248325,2.1002845986154712,33.11631641782059,1,Normal,0.168379874758237,100,LOW
12.27541362582976,2.5743186747143576,33.16747758700379,1,Normal,0.13635860724409943,100,LOW
12.589834559831885,1.4920890905108015,31.840638040947365,1,Normal,0.1253285876119286,100,LOW
13.081207857341319,2.0308399249239857,35.670706647255884,-1,Anomaly,-0.020895147282137594,100,HIGH
12.454559876517548,2.2144082501652864,35.28940770143265,1,Normal,0.13145035448619696,100,LOW
12.4744661758901,2.346552803631572,30.122968137511364,1,Normal,0.1553289852525897,100,LOW
12.262191730137927,2.088220777638613,28.042258416203698,1,Normal,0.12377881022247689,100,LOW
12.145046689160562,1.816486080458339,31.39105808781303,1,Normal,0.1544220180554321,100,LOW
12.649100744963274,1.5862048896756402,29.599884306807063,1,Normal,0.10800408015511892,100,LOW
12.14317485222734,2.0430719415231873,31.809426276153935,1,Normal,0.1630703810215453,100,LOW
12.421469871165819,1.4639304940071964,35.71231440405242,1,Normal,0.09162785165891685,100,LOW
12.543693947723918,2.2182799020788337,31.871529856065276,1,Normal,0.163759372921005,100,LOW
12.500098631586084,2.4519674205430975,32.17406820442518,1,Normal,0.14468312936206845,100,LOW
12.711261983277371,0.8185337822290808,34.545292646615856,-1,Anomaly,-0.016684865035054508,100,HIGH
12.319037519411989,2.309577130502599,30.17989911570411,1,Normal,0.15090285839092787,100,LOW
12.106370885265308,3.028747734855849,32.63385107683842,1,Normal,0.022887893239456503,100,LOW
12.266712021977167,2.010396853837704,35.600236869280586,1,Normal,0.12849902545958564,100,LOW
12.513190147913456,1.6359985293854327,30.524292657481386,1,Normal,0.14110448062529468,100,LOW
12.627096584993605,1.90855177944758,26.370341881874378,1,Normal,0.042295384277794223,100,LOW
12.123350402746713,2.6874382095740925,33.85913433789841,1,Normal,0.09588307098901772,100,LOW
12.6608817760317,1.6770179104377323,30.093912833523113,1,Normal,0.11704632270595117,100,LOW
12.806691357641485,1.6004039966748733,28.431000022728917,1,Normal,0.05498272676771476,100,LOW
12.52403047096711,1.7586282389089838,30.126963830860326,1,Normal,0.14680695752880485,100,LOW
12.96303874376742,1.5233356958706439,31.446423927032452,1,Normal,0.03672520479083996,100,LOW
12.167863240268929,2.061335157997398,30.18576600638536,1,Normal,0.15755333540923933,100,LOW
12.026603589006575,2.81233922923478,25.38330182870279,-1,Anomaly,-0.08493660209501086,100,HIGH
11.866383925328718,2.1615396365580146,34.69119859066139,1,Normal,0.05437546624452405,100,LOW
12.848813293446755,1.8738232489368563,35.824625123836164,1,Normal,0.07078230778898087,100,LOW
12.596309696906218,1.854094365542228,33.954565974018514,1,Normal,0.14433969349120707,100,LOW
12.383324598726864,1.2184045956516716,28.58694298872555,1,Normal,0.05109400913156392,100,LOW
12.483990587895946,2.4415548885735796,31.395525398157446,1,Normal,0.15211026849823528,100,LOW
12.062353285810488,1.9610814014935989,31.980436054311625,1,Normal,0.1358894260780587,100,LOW
12.432818438381469,2.149376454182843,29.797478603664512,1,Normal,0.16441726795110229,100,LOW
12.617729987169607,1.6241044749524078,32.24598666924068,1,Normal,0.12985618853322567,100,LOW
12.544302769521014,1.7868212018972283,33.37184121384573,1,Normal,0.15908860556065685,100,LOW
12.46716520728374,2.5742228545983776,36.3674669664403,1,Normal,0.08678919354475423,100,LOW
12.162857663366406,2.0566352052688823,34.11351961947417,1,Normal,0.15017380695425936,100,LOW
12.541440507140798,1.2808610108413165,34.367170062126554,1,Normal,0.09561191669051228,100,LOW
12.964607348942511,2.4596144672876017,32.251479883788086,1,Normal,0.045896640382174114,100,LOW
12.803626013846493,1.665927957230503,36.23137743561051,1,Normal,0.05518050276264286,100,LOW
12.87795598799182,2.9366488881087727,33.22928838787849,1,Normal,0.006394420897261499,100,LOW
12.246635297070645,2.5400240328573243,29.416736269479287,1,Normal,0.11441051519783785,100,LOW
12.103118553922426,1.7763390521706244,36.21010991037557,1,Normal,0.09268672797917221,100,LOW
12.362263923970106,2.6405081808675566,34.09370981761708,1,Normal,0.12407848762146767,100,LOW
12.416717473686608,2.0339277552637016,30.670867936614552,1,Normal,0.17333455720470853,100,LOW
12.728257455541286,2.4263868375611097,30.56152109780227,1,Normal,0.10699004898857944,100,LOW
11.892260611085554,2.2423664086472375,32.889726635422285,1,Normal,0.08318919229510136,100,LOW
12.858865095838185,1.5768216725045632,33.389554385802754,1,Normal,0.07749189580428273,100,LOW
12.352597630426304,1.678225083841269,32.59187679689362,1,Normal,0.1505306621225156,100,LOW
12.271935679015774,2.5149804087905805,32.933926020328656,1,Normal,0.14526755293443883,100,LOW
12.09636868742195,1.8326123339467295,37.09987212372914,1,Normal,0.06659230293601226,100,LOW
11.903542998440269,1.7981757683790016,35.21462945670466,1,Normal,0.04757250534678692,100,LOW
12.646951175188574,1.5224387103253236,32.57190677379507,1,Normal,0.1144347448506916,100,LOW
12.421995390156521,2.2117995327967304,34.82393174230245,1,Normal,0.14310669047633545,100,LOW
12.013011730077684,3.0312624596215727,28.90242828941738,-1,Anomaly,-0.01162140126602551,100,HIGH
12.011476368380915,1.4662335428728634,33.193781149840426,1,Normal,0.07804839148604731,100,LOW
12.299264590212962,2.012109728336379,37.42791904919933,1,Normal,0.06481253426513078,100,LOW
12.900706457586818,2.7061102777077144,31.345862313822877,1,Normal,0.04124138040153791,100,LOW
12.322122594590919,1.9601793043771425,29.457098214142746,1,Normal,0.1491740103609122,100,LOW
11.94905711406457,2.226185898124867,30.043733334220818,1,Normal,0.09801568218635531,100,LOW
12.326277080774217,1.4688032359265601,28.731100887972836,1,Normal,0.0879567938868589,100,LOW
12.318182929075698,2.214153548603824,29.64571427561689,1,Normal,0.14562575195300143,100,LOW
12.383711540044656,2.4928649978399315,27.783298942464075,1,Normal,0.0952784115626894,100,LOW
12.330719640937398,2.5936930257823754,32.04685500184881,1,Normal,0.13655559690771768,100,LOW
12.954686828483604,2.2898165866067877,29.27673145955924,1,Normal,0.04362168669604627,100,LOW
12.737969508864328,2.162898158291083,36.5578517709253,1,Normal,0.07913594178345246,100,LOW
12.319333392833551,2.097192150788668,33.53237626558278,1,Normal,0.1616382198386092,100,LOW
12.0680422273775,1.8234168535946558,35.091741756872175,1,Normal,0.1042178910308284,100,LOW
12.417765530204347,1.8522992949304853,34.56357568119985,1,Normal,0.15634667398028046,100,LOW
12.404178787573883,2.084230488134807,28.72419829881406,1,Normal,0.1464269044763571,100,LOW
12.392762473867,2.65879876780398,34.670742502509526,1,Normal,0.11131298123355243,100,LOW
12.459425428230357,1.4967287173601793,32.51551801938059,1,Normal,0.13699800437116832,100,LOW
12.356691876422818,2.5699392805645225,33.65975365995435,1,Normal,0.13937568473219247,100,LOW
12.227901397935929,2.6585575336699327,28.473216183125444,1,Normal,0.0853439522080991,100,LOW
12.235942317627883,1.9409657365044606,29.314790473170184,1,Normal,0.14296659649480287,100,LOW
12.3901740189352,0.9390725504957027,33.791684654760154,1,Normal,0.03483651231943519,100,LOW
12.236972568659871,1.6960890064527838,29.154955987327398,1,Normal,0.11815379559889311,100,LOW
12.18614626519685,2.6484972732805545,33.38961887629737,1,Normal,0.122705239672037,100,LOW
12.43192906830757,1.988565968850559,27.898586580619263,1,Normal,0.13204021249724823,100,LOW
12.323506834773744,1.5003488838525447,34.544522638000004,1,Normal,0.11664115996132868,100,LOW
12.851197896574806,1.7476125393858912,28.302430055694472,1,Normal,0.059993979733453884,100,LOW
12.72745205557674,2.2733667841006895,33.876892800938,1,Normal,0.13110357038674164,100,LOW
12.773825557749289,1.8805339504151528,29.909684544711276,1,Normal,0.10147965052309355,100,LOW
11.777982930277556,1.8165877940926562,33.74607970125418,1,Normal,0.03513151573304707,100,LOW
12.297193721775896,1.804120925478089,32.78132679000067,1,Normal,0.1611925920978457,100,LOW
12.288567740201263,1.5387949077507488,30.383474431421785,1,Normal,0.11662985332935483,100,LOW
11.977746491584654,2.807687844734721,28.974335947771376,1,Normal,0.027918081668608652,100,LOW
12.166654993722737,1.83883976539433,26.112122924982263,1,Normal,0.011381367375564722,100,LOW
12.066827246360251,2.608579260412748,33.048950141899084,1,Normal,0.10458903308092699,100,LOW
12.925681133027087,2.7606580259612254,27.305591685913836,-1,Anomaly,-0.03523820079073925,100,HIGH
12.680703517944238,2.4991554490739802,32.28603259832393,1,Normal,0.11705503823911906,100,LOW
12.781466528498248,1.7841898436409758,31.209655351753252,1,Normal,0.11857036451958641,100,LOW
12.61650161921297,2.201865045168305,34.03742832631458,1,Normal,0.1438092006714199,100,LOW
12.061284468634831,1.9879021968045418,31.093863501530407,1,Normal,0.14211702936683968,100,LOW
12.242643920116068,1.548149069634936,31.011656640958726,1,Normal,0.12829120901242386,100,LOW
12.546812368368375,2.1621796408608014,34.195612112864886,1,Normal,0.15067148078693915,100,LOW
12.033361657332417,1.4104801044200987,33.00517408725235,1,Normal,0.07471331152126298,100,LOW
12.613899529051716,2.5938396942307818,32.94846787154833,1,Normal,0.1279326735166692,100,LOW
12.32790238055256,1.7676913513508035,33.40780276942558,1,Normal,0.15604228717760626,100,LOW
12.287553757735122,2.1005798279364196,27.393283630378683,1,Normal,0.10756671370197679,100,LOW
12.613287990461048,2.141643935773071,34.27036603996095,1,Normal,0.14070471582437566,100,LOW
12.533278993445812,1.8705475131479614,33.837406382040804,1,Normal,0.1599060778791797,100,LOW
12.291710150254277,2.2933469007376375,28.94995061427051,1,Normal,0.1310021844115697,100,LOW
12.747798941009275,1.7625481716887377,31.267758578977396,1,Normal,0.1263142894359981,100,LOW
12.075681001720032,2.435648648728622,31.882078137117105,1,Normal,0.12739821714622063,100,LOW
12.584780682083279,1.3270101598766257,31.5965096467948,1,Normal,0.10539003818792392,100,LOW
12.577930377390516,2.063189789773206,33.001579899705604,1,Normal,0.1609737830599572,100,LOW
12.307136068205804,2.9694644995291424,36.29410034549355,1,Normal,0.005268273582474836,100,LOW
12.497839906672636,1.4998343376972127,35.245300183018486,1,Normal,0.10709548126938223,100,LOW
12.02466592708441,1.6611275147375744,28.06334241970578,1,Normal,0.05363123671976788,100,LOW
12.677208105762071,2.2569539248294577,33.86620997091815,1,Normal,0.13539538373845816,100,LOW
12.344529359067103,2.089790890969799,35.98679995860623,1,Normal,0.12026400346780469,100,LOW
12.243183093844289,2.1753150496367795,33.16042556206761,1,Normal,0.15995664470583282,100,LOW
12.714702767751067,2.244593565073832,35.2729412755579,1,Normal,0.10273424274886167,100,LOW
12.188696892837173,2.317360734280885,38.03681133710229,1,Normal,0.025918705525923347,100,LOW
11.977461611090932,2.5548499209781115,35.07112863832094,1,Normal,0.05618857351923612,100,LOW
11.93301124794283,2.2049093284642565,32.74792578692519,1,Normal,0.10189776507937975,100,LOW
12.581802985403693,1.8793711726907287,35.135265422254264,1,Normal,0.121767794515724,100,LOW
12.015871194251115,2.3362868506013656,32.43466349929067,1,Normal,0.1140665669360651,100,LOW
12.92643825459531,2.949940967447608,32.07170912985487,-1,Anomaly,-0.002187176018053516,100,HIGH
11.775421177634884,1.9336831268087131,30.9457572928588,1,Normal,0.04229668079454696,100,LOW
12.90893691048701,1.5127353476646792,36.69024007649632,-1,Anomaly,-0.00370522295125697,100,HIGH
12.463305240160786,2.553540334643486,29.544714002173997,1,Normal,0.13034584268758265,100,LOW
12.370986066438883,1.9398094180232008,36.597103174034345,1,Normal,0.10293482121321057,100,LOW
12.236524273957315,0.9136652269929819,33.49959237122111,1,Normal,0.021933444580886197,100,LOW
12.519740834305622,2.423710838575211,27.802081475594175,1,Normal,0.10133979633433432,100,LOW
12.388709589272546,1.7323359070230386,33.10294787897426,1,Normal,0.1570467310337873,100,LOW
12.730990564604957,1.9547333588479197,25.699920477045126,-1,Anomaly,-0.015497945869667573,100,HIGH
12.434268294598612,2.1659901652845073,33.87652405049311,1,Normal,0.16627102467658805,100,LOW
12.445090528438564,2.0952498398895334,34.655694448966976,1,Normal,0.15478726495112594,100,LOW
12.290916336335844,2.35472590856952,30.22293213304384,1,Normal,0.14438237591052322,100,LOW
12.38291631288368,1.7822568147150784,32.370643087866746,1,Normal,0.16441186665660779,100,LOW
12.492340530667619,2.2565528990880415,37.86247230125086,1,Normal,0.050522535554559544,100,LOW
11.886949482203013,1.8702266612080414,30.48275988721419,1,Normal,0.082786348813839,100,LOW
11.995544373368286,2.3694052404437516,28.823277238830197,1,Normal,0.08405872167977635,100,LOW
12.622979228206814,2.307683742006527,36.4449902073878,1,Normal,0.09389257819720237,100,LOW
12.451259631438383,1.5322806489777023,37.887761571592385,1,Normal,0.039559514657689476,100,LOW
12.344804999094197,2.542991058087516,32.011087015543545,1,Normal,0.1436947582292129,100,LOW
12.405530179919618,1.732018277442976,35.03438910622507,1,Normal,0.1340492982578088,100,LOW
12.504274511608502,2.4040288991405725,36.02442774659264,1,Normal,0.10564376118580993,100,LOW
12.238072095907192,2.1836436567006703,29.772547302384847,1,Normal,0.15221431294979032,100,LOW
12.166508582379306,2.919091838397561,30.544082493896394,1,Normal,0.038808317943895165,100,LOW
12.458753576529304,1.8882670088140738,35.69262353946421,1,Normal,0.1309043970476952,100,LOW
12.10648816671549,1.8253416019409012,37.05504283612553,1,Normal,0.06621299968225214,100,LOW
12.522475826714341,1.9902901970561337,33.688642580523066,1,Normal,0.1651072681552167,100,LOW
11.889224918728647,1.8484101085828624,29.360556939493836,1,Normal,0.06779394281189177,100,LOW
12.708746691197694,2.399970950971025,37.961183335098326,1,Normal,0.021440085089410088,100,LOW
12.541779244723914,1.1918446957817062,30.407087306564108,1,Normal,0.07390406695456248,100,LOW
12.476808920294163,1.4731587904268229,30.994586656485644,1,Normal,0.13466395988609275,100,LOW
12.694807295183654,1.4660985392104036,33.027013503468865,1,Normal,0.11075161779475495,100,LOW
12.899642333338774,2.4751537959867878,36.662481262144325,1,Normal,0.020273206682498768,100,LOW
12.70431101950544,2.8553066862909624,34.56192792965667,1,Normal,0.04804292896180362,100,LOW
11.847737730600507,1.9477753907312643,33.24459650108573,1,Normal,0.07076314201589362,100,LOW
12.01612690997929,1.9155891384049948,33.38986559035432,1,Normal,0.12031423797210516,100,LOW
12.212554426691296,2.0350260815565906,32.130544005930396,1,Normal,0.16144607272216588,100,LOW
12.407827315063251,2.5809391513040953,33.67441854355552,1,Normal,0.14246983946009617,100,LOW
12.18227685605396,2.1191844913673927,31.110177622790605,1,Normal,0.1636369448482365,100,LOW
12.456030029343124,2.4875988148912147,32.72396580475034,1,Normal,0.1525731039587983,100,LOW
12.173385120294004,2.2505470849699227,28.546957749141477,1,Normal,0.12220045646544403,100,LOW
12.216544659102416,2.0947908082993716,33.15896995343468,1,Normal,0.16233868488479192,100,LOW
11.978001670945535,2.5005230462835706,31.386586337041635,1,Normal,0.09169228445663319,100,LOW
11.9944946183151,2.338937659765454,36.71905917564457,1,Normal,0.05111558699886509,100,LOW
12.1072380241068,1.6729621584362881,30.602583292645512,1,Normal,0.1180981722181087,100,LOW
12.716092538982352,1.0846835515717714,31.547486865299913,1,Normal,0.03191382621909311,100,LOW
12.115180333350418,2.2556012997624904,31.778157303174822,1,Normal,0.14844425390702404,100,LOW
12.547995370264267,1.931275742686154,32.58507495208438,1,Normal,0.16264192576379805,100,LOW
12.455450837108463,2.4764372736014693,29.725153793337228,1,Normal,0.14183662946286196,100,LOW
12.142492665945637,2.8061391289943227,28.608153995187422,1,Normal,0.04712461324317818,100,LOW
12.610092963822698,2.657457226792024,33.868133671700804,1,Normal,0.11694512887214159,100,LOW
12.227308652128668,2.8199822646856965,33.888588752665434,1,Normal,0.08020585713383666,100,LOW
12.43660294439361,2.3710637455359462,29.587052721020022,1,Normal,0.14697961045082641,100,LOW
12.371182030082606,1.1990170940514158,30.105266812504006,1,Normal,0.07319693276253458,100,LOW
12.744781997885703,1.8769687559350257,32.759495714113946,1,Normal,0.13361896558929137,100,LOW
12.189047072462234,1.5783767023419042,34.46103203783737,1,Normal,0.11865390569178669,100,LOW
12.389503452850912,3.085471358748907,31.89916230588886,1,Normal,0.02740281802360478,100,LOW
12.931240190690653,1.9120570937838317,33.3642227364234,1,Normal,0.0768506705338371,100,LOW
12.21190988266367,2.061602403392243,30.450711068337284,1,Normal,0.16217670321129424,100,LOW
12.94373456739908,2.275742688020234,31.41060024971571,1,Normal,0.07168371775588978,100,LOW
12.612325580636643,2.021801223186227,31.38242170735898,1,Normal,0.15478771152947046,100,LOW
12.23125996723172,2.8475255202153766,29.76026496037928,1,Normal,0.06272136216496693,100,LOW
12.589722321716657,1.688675319132774,31.469677510652655,1,Normal,0.1418358961902647,100,LOW
12.691766334888019,2.0973037276186215,27.35414510340876,1,Normal,0.06821362241701068,100,LOW
12.58654298866516,1.6287647071509759,30.526538758573686,1,Normal,0.13348107511891782,100,LOW
11.928932584032863,1.3399887443896472,31.14537351989099,1,Normal,0.03063791617438838,100,LOW
12.18185884725254,1.6941154545473573,31.23146074251386,1,Normal,0.13966193564069268,100,LOW
12.325744409334549,1.9814816014757939,31.275507662387664,1,Normal,0.17273003492603423,100,LOW
12.377669971269986,1.7853488877413701,31.814707400419614,1,Normal,0.16875079570048968,100,LOW
12.586201629265204,1.653789510063072,33.438324554258195,1,Normal,0.13801764146632706,100,LOW
12.453310300279977,1.296841268164083,34.623551222397566,1,Normal,0.09993175560469564,100,LOW
11.99939669238697,1.9584472136856526,30.0507043194552,1,Normal,0.11407625011420436,100,LOW
12.51405935530179,1.2476398129844988,28.390397433832568,1,Normal,0.052913135774791065,100,LOW
12.583175723585148,2.380027981844801,28.87386676327069,1,Normal,0.12448763966270371,100,LOW
12.567937134379312,2.0412198764672516,30.53839123641522,1,Normal,0.15854199274674086,100,LOW
12.724234217666387,1.2712242502675348,30.944236046550472,1,Normal,0.06118868092767038,100,LOW
12.650176646364672,1.8453954614750683,29.69001180140763,1,Normal,0.13326990421687246,100,LOW
12.537754023768532,1.6239217972047084,28.11165000725032,1,Normal,0.09547953048629448,100,LOW
12.378950286562405,2.15958725520959,30.631637517577435,1,Normal,0.16942760422894831,100,LOW
11.901711719945203,2.670225223011572,32.544279860341916,1,Normal,0.050706069686337174,100,LOW
12.528885465739776,1.0624137651771277,33.7850883975067,1,Normal,0.055364142645894954,100,LOW
12.462306306148934,2.0575130395737085,30.327730840675038,1,Normal,0.17224417532362407,100,LOW
12.481473651158613,1.9199336022166797,30.7610065335697,1,Normal,0.17118546472629537,100,LOW
12.016975427253907,2.3356700382252327,29.21990507345807,1,Normal,0.10213917124402422,100,LOW
12.075683037877521,2.1065983141188447,31.90568248887567,1,Normal,0.14744104723017604,100,LOW
12.715945855999871,1.6240153341305905,29.454714097427555,1,Normal,0.0930612050341515,100,LOW
12.388133453843004,1.840473032166691,33.7193834397236,1,Normal,0.16875223872797845,100,LOW
12.604450209211787,1.6019870715982556,26.64240052419767,1,Normal,0.03200589659475539,100,LOW
12.408495512839139,2.538003569299299,30.921110982642613,1,Normal,0.14309522640819322,100,LOW
12.408926841848723,2.010655824335971,32.90332201757523,1,Normal,0.17508600774324223,100,LOW
12.6814851417928,2.950595342876504,32.55150354896751,1,Normal,0.03448150506316594,100,LOW
12.428836233082295,1.6457966165447686,33.04940007370372,1,Normal,0.15400763169180237,100,LOW
12.261317413388488,1.2431428036935865,28.98783620947397,1,Normal,0.05195500347995907,100,LOW
12.269651131770306,1.0984301618720274,31.713607258732782,1,Normal,0.050055594641988055,100,LOW
12.307248362959408,1.2079320284972552,26.671260999600644,-1,Anomaly,-0.012161129753755273,100,HIGH
12.466640131490115,2.1335633255057416,31.75820075210972,1,Normal,0.1719513387915832,100,LOW
12.256375413500956,2.254362511614967,29.500831828997725,1,Normal,0.14287593246208147,100,LOW
12.776726837672056,1.2094046489839334,34.74617082668048,1,Normal,0.03077227515492964,100,LOW
12.131617809334148,2.447519157038058,30.351379176213396,1,Normal,0.12919289679353113,100,LOW
12.343938506751593,1.7584694741582803,31.64970225261426,1,Normal,0.16239142098099874,100,LOW
12.268080682517748,2.0733965059927746,30.09332647578679,1,Normal,0.16285643465573552,100,LOW
12.83409336530612,2.806110314127712,37.216554055559996,-1,Anomaly,-0.022013059677981728,100,HIGH
12.458966432953472,2.448419657932766,31.036271701646264,1,Normal,0.1527840672493821,100,LOW
12.709553361840591,1.8657346760470839,37.4976711304376,1,Normal,0.04473367896037583,100,LOW
11.954331888088909,1.5544038872923562,34.4424552863548,1,Normal,0.05622781950980038,100,LOW
12.480115079760777,0.9240922993353475,33.44620018200616,1,Normal,0.02570488819975658,100,LOW
12.666889238687032,1.64042334037879,33.10619944195256,1,Normal,0.12881015361742415,100,LOW
12.424685196782628,1.8944348805861528,33.181391894648755,1,Normal,0.17275925242710077,100,LOW
12.719644112519605,1.506410236424408,26.21698226196317,-1,Anomaly,-0.006562709390052435,100,HIGH
12.244813464969889,1.9343715164538478,31.16334981754773,1,Normal,0.16808676815215773,100,LOW
12.822804232055674,2.038425941479384,34.53547391355296,1,Normal,0.10048760957989894,100,LOW
13.089669437085776,1.8875720090959607,31.853308449577682,1,Normal,0.011162879265809056,100,LOW
12.291148431868102,1.6749987095882701,27.784430459589274,1,Normal,0.08314174958717008,100,LOW
12.26634924357977,2.084327335983364,31.84278664826759,1,Normal,0.1698779802620229,100,LOW
12.83601534313531,2.2209703247847044,37.11231654876647,1,Normal,0.037980639170142605,100,LOW
12.873871643719214,1.454800461278577,35.74067514660416,1,Normal,0.0288371793741955,100,LOW
12.24314199185402,2.705466189873135,31.813987971901906,1,Normal,0.10777851294387925,100,LOW
12.273943954871243,1.9507059338578692,34.85434783117426,1,Normal,0.14480399830732127,100,LOW
12.315464617341847,2.009424811472424,30.900478938895844,1,Normal,0.16810877149622194,100,LOW
11.996664846689717,2.3541072116282784,26.88838523951984,1,Normal,0.021719395025897925,100,LOW
12.124404416054741,2.116608065631751,29.226602035611336,1,Normal,0.13582652002195833,100,LOW
12.09875776997438,2.4765683169566226,36.68866630552459,1,Normal,0.062289117406095884,100,LOW
12.169660730468761,2.143562082600912,31.178020754512087,1,Normal,0.16002823991376186,100,LOW
12.389594533783965,1.6937813126797812,31.269848061874946,1,Normal,0.15739976845967985,100,LOW
12.470264419760957,2.180751762603051,31.10048541117536,1,Normal,0.16936614554806462,100,LOW
12.865150147844224,1.428136896339669,37.71240976871902,-1,Anomaly,-0.01659705087605423,100,HIGH
12.100493787778364,2.0542798528882615,36.87787674608619,1,Normal,0.07419921542882973,100,LOW
12.335803346732348,1.8959415713637302,31.522864368799848,1,Normal,0.16703599185998308,100,LOW
12.38516088710427,1.9357312442805346,32.88687346624128,1,Normal,0.17489714332358341,100,LOW
12.602445847649982,1.0590754772511803,27.450072351737624,-1,Anomaly,-0.00544941812873434,100,HIGH
12.063183393531311,1.7256375461295193,36.43080327835482,1,Normal,0.07004086040053037,100,LOW
12.514722923855215,2.0464224505705575,28.496661346196195,1,Normal,0.13982675056206523,100,LOW
12.449935662463917,2.0799281959987,32.65032669128789,1,Normal,0.17720228498180585,100,LOW
12.547735379202445,1.4861624295370208,28.70809241710147,1,Normal,0.10077452834277933,100,LOW
12.486750593172346,2.6328539204323502,30.233399519783912,1,Normal,0.11913176962599653,100,LOW
12.208678004724606,2.4847286002633684,30.176374217972548,1,Normal,0.12824076280381763,100,LOW
12.240700913499454,2.2135971809358423,30.382631890553064,1,Normal,0.15726177139759134,100,LOW
12.21305784207257,1.6768863450780984,30.35519361522477,1,Normal,0.1331929887484135,100,LOW
12.233356864251924,2.887655446304756,34.50000173534092,1,Normal,0.059957111872511404,100,LOW
12.208783861808046,1.4031815841217599,28.685411620812438,1,Normal,0.07240815006731671,100,LOW
12.756704959332266,2.459577086805001,32.661624281041604,1,Normal,0.1097272866689048,100,LOW
12.826151274396956,2.500291159021489,35.653877456916675,1,Normal,0.0605071956464408,100,LOW
12.228776111875158,1.6646898954616776,30.460410906459813,1,Normal,0.13485668442124715,100,LOW
12.15029332806873,2.6962326500321643,29.846243327757193,1,Normal,0.08669161561921979,100,LOW
12.54142466691592,1.8749767427005235,31.30842612445925,1,Normal,0.16284108578682932,100,LOW
12.23433308671571,2.1443468146399285,35.53917562508213,1,Normal,0.11845250035984795,100,LOW
12.589879545326653,2.1301609193856104,32.58232289286007,1,Normal,0.15636083659918326,100,LOW
12.46087690625539,1.932845629264726,30.406357116177205,1,Normal,0.16716730575056266,100,LOW
11.94527676550083,2.4054041365798913,33.45162995356412,1,Normal,0.0868949056497616,100,LOW
12.864251560399019,2.3967443602761067,28.693123550490732,1,Normal,0.058876097424868434,100,LOW
12.938763301928656,1.1257340133809097,34.04407853132884,-1,Anomaly,-0.01159252160363422,100,HIGH
12.216163392854684,2.6521701214390765,33.2258219231053,1,Normal,0.12377264014687928,100,LOW
12.283689532019205,1.1687540059821628,31.076574586583348,1,Normal,0.07224701406466683,100,LOW
12.485759617217472,2.5162731021708287,29.484242604658306,1,Normal,0.13277297446779734,100,LOW
12.500337036996108,2.5633525684137917,29.33995723314963,1,Normal,0.12291639611500138,100,LOW
12.59756328180185,1.4545167848924008,33.60445200903773,1,Normal,0.12002207211234422,100,LOW
13.003061361629905,1.7945928560227076,35.68694150746718,1,Normal,0.006620974911541899,100,LOW
12.346915831751785,1.4471476657570321,30.088076758913616,1,Normal,0.10968780156125696,100,LOW
12.160510826638465,1.8925394848556323,33.375160110654456,1,Normal,0.15433541852298766,100,LOW
11.986204231595643,1.8459828579071293,25.73891894419379,-1,Anomaly,-0.03209320590606235,100,HIGH
12.180720988017425,2.3898302661346698,30.246146808028403,1,Normal,0.14013843950368138,100,LOW
12.390061908137861,2.655154373059804,31.906823201387294,1,Normal,0.13101055527976563,100,LOW
12.938367359055336,2.697841905394978,29.2709497490545,1,Normal,0.011222315195379196,100,LOW
12.24471661028915,1.718915986710849,29.190480875631213,1,Normal,0.12583408945822167,100,LOW
12.46713638549167,1.8953890631277361,29.99666133059334,1,Normal,0.15951332092657627,100,LOW
12.395073131178174,1.158280903889525,32.87657818497912,1,Normal,0.07994608691382238,100,LOW
12.756517982034426,1.5970649667519057,31.438012944780876,1,Normal,0.09685602280016459,100,LOW
12.240739368123904,2.807791411774116,25.6378995420948,-1,Anomaly,-0.06003298470985019,100,HIGH
12.253168167244533,1.382825564060039,30.179404466428473,1,Normal,0.09909464292850723,100,LOW
12.713248263120722,1.7037678704235528,33.37305975816066,1,Normal,0.1231861125251047,100,LOW
12.954012197720811,2.1400805794098035,30.500809471545107,1,Normal,0.05836773923892158,100,LOW
12.57517845559779,1.5951982400391769,30.421256430447738,1,Normal,0.12964541917225575,100,LOW
12.292212372763883,2.2120305222320447,36.16501333462534,1,Normal,0.1102484724069161,100,LOW
12.577196449207694,1.763080326464542,30.844934564861408,1,Normal,0.15291402399030507,100,LOW
12.732611074174873,1.9927738645608604,33.148966954222786,1,Normal,0.1326862108350731,100,LOW
12.64614465435921,2.2731421240018497,32.42377142026239,1,Normal,0.14392053792011744,100,LOW
12.552182209332189,2.003211134905469,25.6083005605784,1,Normal,0.009779386953321256,100,LOW
12.720002406876747,1.7818070547367157,34.30462164989521,1,Normal,0.11611229933742562,100,LOW
12.750788677133702,1.9451950980370847,32.646189516368864,1,Normal,0.12945232104221444,100,LOW
12.814647697311258,1.9558185203973324,33.52480591902377,1,Normal,0.11000050626384572,100,LOW
12.349864575904943,1.8706019686664488,25.747661181504235,1,Normal,0.016030331136192788,100,LOW
12.444014105929996,2.7993235852523584,37.17408994928333,1,Normal,0.02053930841300089,100,LOW
12.761952689952507,2.2804597239706195,31.137657441798932,1,Normal,0.11173153946534642,100,LOW
12.15491929870383,1.8522598409854198,32.86198671320903,1,Normal,0.159048842287266,100,LOW
12.51060199266187,2.348477202255368,31.863463264096275,1,Normal,0.15634336362945428,100,LOW
12.281998356301791,1.833090255121995,30.72729099980587,1,Normal,0.16356428863918065,100,LOW
12.408623446880446,2.5865623187933204,30.290501215283722,1,Normal,0.12921160476287596,100,LOW
12.78353555878219,2.184821096099047,32.98852620671903,1,Normal,0.11846334960225224,100,LOW
12.457329720405971,1.9463489279978856,27.448478909984964,1,Normal,0.11340424672374061,100,LOW
12.413930964446845,2.223858462905139,34.2517375025653,1,Normal,0.15722213458601247,100,LOW
11.992043157706025,1.2145619239657504,30.751416785344237,1,Normal,0.0280535079077624,100,LOW
12.623876069808167,1.4366162655450974,28.609791982878928,1,Normal,0.0883464638523811,100,LOW
12.593645254342324,1.4030374968004722,30.64996142601256,1,Normal,0.10997018140176962,100,LOW
13.04897641699164,2.0714715473818535,35.77144765058772,-1,Anomaly,-0.009365969846908073,100,HIGH
12.3076665295141,2.866257499742546,30.39399473895133,1,Normal,0.06576975314383193,100,LOW
12.465745098299182,3.115650073096316,33.07536085462886,1,Normal,0.014788733918722485,100,LOW
12.474815105113226,2.3190255507203785,29.80713117285358,1,Normal,0.15845774625645548,100,LOW
12.873235983929042,2.2504222374722285,34.27376554977086,1,Normal,0.09079612945876636,100,LOW
12.371411340283915,1.0994711329236306,34.056523216370614,1,Normal,0.05778152082075172,100,LOW
12.483706457731103,1.728663100132989,37.54582649988923,1,Normal,0.06032525439343628,100,LOW
12.582368952914962,1.6061081240458805,31.473308163502352,1,Normal,0.13670645984412183,100,LOW
12.455982736946908,1.689576200874442,34.00596441427372,1,Normal,0.15027974796679833,100,LOW
12.266069915634843,1.9159280907076053,32.294202618616836,1,Normal,0.1686824034993803,100,LOW
12.458226997869494,1.7639547111514364,35.88761534558904,1,Normal,0.1238158827807806,100,LOW
12.722089524957932,1.010350094812106,29.84350283717381,-1,Anomaly,-0.002338682801860781,100,HIGH
12.092045410176683,2.3739551280587667,34.23501593863185,1,Normal,0.12039102604171592,100,LOW
12.439890902244063,1.4636284871300966,31.415908111649955,1,Normal,0.13373425397508026,100,LOW
12.189963755518248,2.1196234320555747,31.807435468674505,1,Normal,0.1620585696432872,100,LOW
12.758513988677453,3.0370413348749867,32.27525745334512,1,Normal,0.007013296476102382,100,LOW
11.943043928564869,1.5403077042067883,32.75672118928003,1,Normal,0.07382322268074643,100,LOW
12.513163562519356,1.8569978890599446,32.64413954951158,1,Normal,0.16495106173920115,100,LOW
12.869657208770303,2.5504798174992853,36.73435417268655,1,Normal,0.021278189618433307,100,LOW
12.380274921678105,2.9791737271102967,34.95634905684565,1,Normal,0.037271286541734505,100,LOW
12.233440141992041,1.3852252027737917,34.60746377749069,1,Normal,0.09972947835396362,100,LOW
12.964347120832178,2.248349611618261,30.633381421928387,1,Normal,0.05498966636776648,100,LOW
11.965595829875127,1.7673447716099733,29.332277515315027,1,Normal,0.08686853986983145,100,LOW
12.249383732694216,1.2485148358024234,36.41801202725294,1,Normal,0.03806176345273393,100,LOW
12.093630154860787,2.1268698307472866,30.18805812209231,1,Normal,0.14467043309652022,100,LOW
12.612506934189806,2.233846585882717,31.31135403391896,1,Normal,0.15189174200477162,100,LOW
12.47314021413136,2.5428931624696736,27.081547512423697,1,Normal,0.0628022427789312,100,LOW
12.230776410778981,2.048991576735448,30.82258668181738,1,Normal,0.16607098613456933,100,LOW
12.015908680398732,2.154025269752051,34.989711531738344,1,Normal,0.09656543486786062,100,LOW
12.661737198484044,1.8041757162891043,30.600513862315406,1,Normal,0.13282114744543422,100,LOW
12.595060353387598,2.134563470622554,33.92143938560247,1,Normal,0.15185527047941183,100,LOW
12.370247240866185,1.8284038622512948,31.428490682006565,1,Normal,0.1672082904173317,100,LOW
12.9539910988143,2.3107859449280252,32.97217108466468,1,Normal,0.05793522898435821,100,LOW
12.078974570102154,1.815194831978183,28.556925830553,1,Normal,0.09682291829227013,100,LOW
11.942342448722579,2.1885501969510934,32.2556283489017,1,Normal,0.10674266116214476,100,LOW
12.386324195093351,2.5630251253860843,31.439311525514047,1,Normal,0.1412877229445963,100,LOW
12.473001834796808,1.974303138205757,27.10858026885458,1,Normal,0.09533302693434004,100,LOW
12.3276291826431,1.1134837658965593,35.61798354964045,1,Normal,0.029224502484879622,100,LOW
12.505616618954289,2.630960750356996,34.33222205829353,1,Normal,0.11879690464321585,100,LOW
12.024538172742867,1.5471338495686906,33.40001294589824,1,Normal,0.09233956686290018,100,LOW
12.833129381221978,1.6731168306755901,36.56301868147814,1,Normal,0.04097912785026614,100,LOW
12.37535464648223,1.702169352978254,29.15325043752549,1,Normal,0.12785870345489997,100,LOW
12.735188749476439,2.6872190465854087,37.24208959374668,1,Normal,0.011573222689899354,100,LOW
12.50281760391331,0.9321628930106522,34.79657469278116,1,Normal,0.01605101691995159,100,LOW
12.570930184069661,2.5280284045330257,35.40686044154883,1,Normal,0.09390438515801786,100,LOW
12.534312568005195,2.1116194570645797,28.681119462765096,1,Normal,0.14346830989848647,100,LOW
12.592816827960263,1.9725529996918567,29.52645751541698,1,Normal,0.14343772286041073,100,LOW
12.798745759039729,2.1427770374288286,30.174230830280898,1,Normal,0.096663033226982,100,LOW
12.45895635091044,2.260561214189669,30.413066875807953,1,Normal,0.1616586982533415,100,LOW
12.612701127276553,2.3226077929750284,28.830327071719243,1,Normal,0.12311445334433596,100,LOW
12.373079291713832,2.277802233001724,35.66924920128598,1,Normal,0.12101099403806143,100,LOW
12.832035164634842,2.044790340627624,31.223436798890503,1,Normal,0.11137318284171877,100,LOW
12.19708230938222,1.901330789846337,33.05751490507064,1,Normal,0.1626121131086627,100,LOW
12.940282129873244,1.9243633581732442,30.288945900758957,1,Normal,0.06302762497186465,100,LOW
12.387952614806697,1.9025458598236595,26.53819009835445,1,Normal,0.06681690580381816,100,LOW
11.970767469364587,2.5668850484335324,32.810172075174265,1,Normal,0.08167774623886387,100,LOW
12.438431324473237,2.296778361140431,26.26323507374067,1,Normal,0.056412007280529086,100,LOW
12.652193064696618,2.3279503882648807,27.89505488350157,1,Normal,0.09443038786259911,100,LOW
12.204212806209283,2.0973680973593876,37.961827997692424,1,Normal,0.03428076797111068,100,LOW
12.266144970035567,1.9906456217770514,34.73408816652417,1,Normal,0.15250899038636995,100,LOW
11.83313778071634,1.805740773455557,32.31726137381444,1,Normal,0.06062871447244356,100,LOW
12.264308104225277,2.5620563599930066,35.791120032964,1,Normal,0.09229843871631371,100,LOW
11.924829152954283,1.6135611660881954,33.63043813601028,1,Normal,0.06783966762670013,100,LOW
12.62812439684329,2.2035261435622675,32.59943130115614,1,Normal,0.15302657036900275,100,LOW
12.63574004759525,1.514171632729357,32.79206024400101,1,Normal,0.12311228208004721,100,LOW
12.52763726853549,1.3101909176055346,35.8170605003203,1,Normal,0.06735545615713112,100,LOW
12.109907157061237,1.6866413877050175,34.197476308339404,1,Normal,0.1147877935396111,100,LOW
12.385686593157406,2.4311967361913793,32.86617098847507,1,Normal,0.15568628954845876,100,LOW
12.39891923827283,2.4765625226880434,27.035337691315114,1,Normal,0.06798423099699913,100,LOW
12.052490593242238,2.2565427100486466,29.11986111416161,1,Normal,0.11026683174326285,100,LOW
12.851019490530145,2.3625478934239985,31.631873199212826,1,Normal,0.09524158255532111,100,LOW
12.663208687172702,2.2580891435574793,32.28011712282996,1,Normal,0.13688320849936553,100,LOW
12.333710747851102,1.6792592023885238,28.60938882597823,1,Normal,0.10683804596456348,100,LOW
12.462514842384266,2.400204762613841,36.54918216576072,1,Normal,0.10388371346087033,100,LOW
11.787479539472713,2.377145664906787,33.80635496117745,1,Normal,0.030268142211462123,100,LOW
12.32584678524382,2.5944566857373212,32.21611058385123,1,Normal,0.13448512166992177,100,LOW
12.19540472560066,2.354151923600532,31.363373090296545,1,Normal,0.15082593890644364,100,LOW
12.099513997031526,2.1757241037707913,29.144244619933293,1,Normal,0.1273297101573312,100,LOW
12.315669912134213,2.535075119158214,32.23244155555659,1,Normal,0.13957421460634828,100,LOW
12.939305958054858,1.9867393703754699,32.773257620428254,1,Normal,0.07771653253918298,100,LOW
12.592252858380103,1.559062674386141,28.274718273555127,1,Normal,0.08638931163891,100,LOW
12.228646303065162,1.918466518028118,33.00252925173469,1,Normal,0.16379027283372105,100,LOW
12.571774834406847,1.6275486775967756,31.534222853525755,1,Normal,0.13879315369810963,100,LOW
